{"episode_types": ["t", "t", "t", "t", "t", "t", "t", "t", "t", "t", "t", "t", "t", "t", "t", "t", "t", "t", "t", "t", "t", "t", "t", "t", "t", "t", "t", "t", "t", "t", "t", "t", "t", "t", "t", "t", "t", "t", "t", "t", "t", "t", "t", "t", "t", "t", "t", "t", "t", "t", "t", "t", "t", "t", "t", "t", "t", "t", "t", "t", "t", "t", "t", "t", "t", "t", "t", "t", "t", "t", "t", "t", "t", "t", "t", "t"], "initial_reset_timestamp": 1530546932.844491, "episode_rewards": [43.0, 16.0, 12.0, 9.0, 10.0, 15.0, 15.0, 63.0, 35.0, 47.0, 40.0, 42.0, 133.0, 147.0, 199.0, 160.0, 178.0, 200.0, 192.0, 171.0, 200.0, 172.0, 200.0, 200.0, 200.0, 200.0, 200.0, 200.0, 200.0, 200.0, 200.0, 200.0, 200.0, 200.0, 200.0, 200.0, 200.0, 200.0, 200.0, 200.0, 200.0, 200.0, 200.0, 200.0, 200.0, 200.0, 200.0, 200.0, 200.0, 200.0, 200.0, 200.0, 200.0, 200.0, 200.0, 200.0, 65.0, 36.0, 200.0, 200.0, 200.0, 200.0, 200.0, 200.0, 200.0, 200.0, 200.0, 200.0, 200.0, 200.0, 200.0, 200.0, 200.0, 200.0, 200.0], "episode_lengths": [43, 16, 12, 9, 10, 15, 15, 63, 35, 47, 40, 42, 133, 147, 199, 160, 178, 200, 192, 171, 200, 172, 200, 200, 200, 200, 200, 200, 200, 200, 200, 200, 200, 200, 200, 200, 200, 200, 200, 200, 200, 200, 200, 200, 200, 200, 200, 200, 200, 200, 200, 200, 200, 200, 200, 200, 65, 36, 200, 200, 200, 200, 200, 200, 200, 200, 200, 200, 200, 200, 200, 200, 200, 200, 200], "timestamps": [1530546933.1238291, 1530546933.246539, 1530546933.324673, 1530546933.4099426, 1530546933.4767768, 1530546933.595438, 1530546933.7208316, 1530546935.228654, 1530546935.4111369, 1530546936.4145944, 1530546936.5657973, 1530546936.7177618, 1530546938.0538902, 1530546940.234792, 1530546941.5492172, 1530546942.8238263, 1530546945.0354383, 1530546946.351777, 1530546948.6199975, 1530546949.9984467, 1530546952.490192, 1530546953.8531375, 1530546956.410333, 1530546957.8909638, 1530546960.3289711, 1530546962.8530362, 1530546964.8413172, 1530546968.6327128, 1530546971.131016, 1530546975.8974988, 1530546981.02991, 1530546984.3383026, 1530546987.4461844, 1530546989.767863, 1530546991.9414313, 1530546994.6994185, 1530546996.1493604, 1530546998.9229946, 1530547000.1607623, 1530547002.3426976, 1530547004.7396395, 1530547006.6194844, 1530547009.5300293, 1530547010.9664986, 1530547013.690308, 1530547016.1995296, 1530547017.913461, 1530547020.535969, 1530547022.0309775, 1530547024.6272445, 1530547026.9605, 1530547029.7566185, 1530547032.1817718, 1530547033.9077995, 1530547036.6349766, 1530547039.669262, 1530547040.008818, 1530547040.1940167, 1530547043.316743, 1530547045.8668091, 1530547047.3093255, 1530547049.781756, 1530547051.3510878, 1530547053.9433715, 1530547056.1812823, 1530547057.647687, 1530547060.3172734, 1530547061.7923837, 1530547064.3783998, 1530547067.2325444, 1530547068.6730633, 1530547071.1371346, 1530547072.437049, 1530547074.9947495, 1530547077.596965]}