{"episode_types": ["t", "t", "t", "t", "t", "t", "t", "t", "t", "t", "t", "t", "t", "t", "t", "t", "t", "t", "t", "t", "t", "t", "t", "t", "t", "t", "t", "t", "t", "t", "t", "t", "t", "t", "t", "t", "t", "t", "t", "t", "t", "t", "t", "t", "t", "t", "t", "t", "t", "t", "t", "t", "t", "t", "t", "t", "t", "t", "t", "t", "t", "t", "t", "t", "t", "t", "t", "t", "t", "t", "t", "t", "t"], "initial_reset_timestamp": 1530546932.8352997, "episode_rewards": [31.0, 16.0, 29.0, 14.0, 31.0, 16.0, 39.0, 74.0, 75.0, 33.0, 175.0, 170.0, 200.0, 200.0, 171.0, 200.0, 200.0, 200.0, 179.0, 200.0, 200.0, 200.0, 200.0, 200.0, 200.0, 200.0, 200.0, 200.0, 200.0, 200.0, 200.0, 200.0, 200.0, 200.0, 200.0, 200.0, 200.0, 200.0, 200.0, 200.0, 200.0, 200.0, 200.0, 200.0, 200.0, 200.0, 200.0, 200.0, 200.0, 200.0, 200.0, 200.0, 200.0, 101.0, 9.0, 200.0, 200.0, 200.0, 200.0, 200.0, 200.0, 200.0, 200.0, 200.0, 200.0, 200.0, 200.0, 200.0, 200.0, 200.0, 200.0, 200.0], "episode_lengths": [31, 16, 29, 14, 31, 16, 39, 74, 75, 33, 175, 170, 200, 200, 171, 200, 200, 200, 179, 200, 200, 200, 200, 200, 200, 200, 200, 200, 200, 200, 200, 200, 200, 200, 200, 200, 200, 200, 200, 200, 200, 200, 200, 200, 200, 200, 200, 200, 200, 200, 200, 200, 200, 101, 9, 200, 200, 200, 200, 200, 200, 200, 200, 200, 200, 200, 200, 200, 200, 200, 200, 200], "timestamps": [1530546933.054317, 1530546933.1878319, 1530546933.3608596, 1530546933.4774857, 1530546933.7315552, 1530546934.9730394, 1530546935.1902847, 1530546935.5502162, 1530546936.62385, 1530546936.7557602, 1530546939.1022813, 1530546940.3738909, 1530546942.6249845, 1530546943.9638803, 1530546946.132305, 1530546947.4728205, 1530546949.8421025, 1530546951.4587834, 1530546953.766242, 1530546956.3088572, 1530546957.7813697, 1530546960.2483268, 1530546961.5470638, 1530546964.750399, 1530546968.3970253, 1530546970.8814366, 1530546975.6547298, 1530546978.833431, 1530546983.9404042, 1530546987.3218334, 1530546989.58937, 1530546991.8414407, 1530546993.5172517, 1530546996.0460212, 1530546998.8227808, 1530547000.0621216, 1530547002.2481306, 1530547003.7154388, 1530547006.4869535, 1530547009.429531, 1530547010.865818, 1530547013.5699525, 1530547015.1129146, 1530547017.8226924, 1530547020.4293616, 1530547021.9510863, 1530547024.5317903, 1530547025.945396, 1530547029.6544678, 1530547032.087697, 1530547033.806713, 1530547036.5416582, 1530547038.1405747, 1530547039.9411387, 1530547039.99749, 1530547043.1967554, 1530547044.7065513, 1530547047.205867, 1530547049.6787972, 1530547051.2296808, 1530547053.8412578, 1530547055.137857, 1530547057.5410244, 1530547060.2236905, 1530547061.6719685, 1530547064.2631238, 1530547066.026259, 1530547068.560569, 1530547071.0383506, 1530547072.334113, 1530547074.8726585, 1530547076.4040112]}