{"episode_types": ["t", "t", "t", "t", "t", "t", "t", "t", "t", "t", "t", "t", "t", "t", "t", "t", "t", "t", "t", "t", "t", "t", "t", "t", "t", "t", "t", "t", "t", "t", "t", "t", "t", "t", "t", "t", "t", "t", "t", "t", "t", "t", "t", "t", "t", "t", "t", "t", "t", "t", "t", "t", "t", "t", "t", "t", "t", "t", "t", "t", "t", "t", "t", "t", "t", "t", "t", "t", "t", "t", "t", "t", "t", "t", "t", "t", "t"], "initial_reset_timestamp": 1530546932.8663225, "episode_rewards": [29.0, 17.0, 46.0, 13.0, 16.0, 10.0, 31.0, 28.0, 52.0, 42.0, 121.0, 150.0, 200.0, 154.0, 143.0, 200.0, 200.0, 200.0, 200.0, 195.0, 200.0, 200.0, 200.0, 200.0, 200.0, 200.0, 200.0, 200.0, 200.0, 200.0, 200.0, 200.0, 200.0, 200.0, 200.0, 200.0, 200.0, 200.0, 200.0, 200.0, 200.0, 200.0, 200.0, 200.0, 200.0, 200.0, 200.0, 200.0, 200.0, 200.0, 200.0, 200.0, 200.0, 200.0, 49.0, 55.0, 11.0, 13.0, 10.0, 200.0, 200.0, 200.0, 200.0, 200.0, 200.0, 200.0, 200.0, 200.0, 200.0, 200.0, 200.0, 200.0, 200.0, 200.0, 200.0, 200.0], "episode_lengths": [29, 17, 46, 13, 16, 10, 31, 28, 52, 42, 121, 150, 200, 154, 143, 200, 200, 200, 200, 195, 200, 200, 200, 200, 200, 200, 200, 200, 200, 200, 200, 200, 200, 200, 200, 200, 200, 200, 200, 200, 200, 200, 200, 200, 200, 200, 200, 200, 200, 200, 200, 200, 200, 200, 49, 55, 11, 13, 10, 200, 200, 200, 200, 200, 200, 200, 200, 200, 200, 200, 200, 200, 200, 200, 200, 200], "timestamps": [1530546933.0425396, 1530546933.176211, 1530546933.5143557, 1530546933.5954745, 1530546933.7390563, 1530546934.9226432, 1530546935.125248, 1530546935.268914, 1530546935.5081093, 1530546936.4637134, 1530546937.873786, 1530546939.158864, 1530546941.3505337, 1530546942.643908, 1530546943.8522503, 1530546946.0892692, 1530546947.4165533, 1530546949.7771325, 1530546951.4198804, 1530546953.7491305, 1530546955.185239, 1530546957.7626448, 1530546960.2307615, 1530546961.5276518, 1530546964.7334025, 1530546966.7943513, 1530546970.8387277, 1530546975.6170104, 1530546978.768142, 1530546983.90454, 1530546985.9579763, 1530546989.5454106, 1530546991.8226364, 1530546993.4987242, 1530546996.0158496, 1530546997.800848, 1530547000.041368, 1530547002.230068, 1530547003.6915343, 1530547006.4643817, 1530547008.3983312, 1530547010.8459094, 1530547013.5470338, 1530547015.097711, 1530547017.807657, 1530547019.392681, 1530547021.9372208, 1530547024.5157406, 1530547025.9274573, 1530547029.6327758, 1530547031.124591, 1530547033.785227, 1530547036.5237255, 1530547038.1151433, 1530547039.6537862, 1530547039.9241798, 1530547039.985148, 1530547040.0684102, 1530547040.1210961, 1530547043.2635484, 1530547045.8097262, 1530547047.256131, 1530547049.7349203, 1530547051.2946274, 1530547053.897378, 1530547056.133854, 1530547057.597496, 1530547060.275537, 1530547061.7373, 1530547064.3270917, 1530547067.1748054, 1530547068.6216543, 1530547071.0904307, 1530547072.3884547, 1530547074.9468646, 1530547077.547073]}