{"episode_types": ["t", "t", "t", "t", "t", "t", "t", "t", "t", "t", "t", "t", "t", "t", "t", "t", "t", "t", "t", "t", "t", "t", "t", "t", "t", "t", "t", "t", "t", "t", "t", "t", "t", "t", "t", "t", "t", "t", "t", "t", "t", "t", "t", "t", "t", "t", "t", "t", "t", "t", "t", "t", "t", "t", "t", "t", "t", "t", "t", "t", "t", "t", "t", "t", "t", "t", "t", "t", "t", "t", "t", "t", "t", "t"], "initial_reset_timestamp": 1530546932.8264525, "episode_rewards": [18.0, 25.0, 13.0, 21.0, 20.0, 15.0, 41.0, 89.0, 48.0, 40.0, 47.0, 200.0, 200.0, 170.0, 187.0, 200.0, 185.0, 167.0, 200.0, 153.0, 200.0, 200.0, 200.0, 200.0, 200.0, 200.0, 200.0, 200.0, 200.0, 200.0, 200.0, 200.0, 200.0, 200.0, 200.0, 200.0, 200.0, 200.0, 200.0, 200.0, 200.0, 200.0, 200.0, 200.0, 200.0, 200.0, 200.0, 200.0, 200.0, 200.0, 200.0, 200.0, 200.0, 166.0, 101.0, 10.0, 200.0, 200.0, 200.0, 200.0, 200.0, 200.0, 200.0, 200.0, 200.0, 200.0, 200.0, 200.0, 200.0, 200.0, 200.0, 200.0, 200.0], "episode_lengths": [18, 25, 13, 21, 20, 15, 41, 89, 48, 40, 47, 200, 200, 170, 187, 200, 185, 167, 200, 153, 200, 200, 200, 200, 200, 200, 200, 200, 200, 200, 200, 200, 200, 200, 200, 200, 200, 200, 200, 200, 200, 200, 200, 200, 200, 200, 200, 200, 200, 200, 200, 200, 200, 166, 101, 10, 200, 200, 200, 200, 200, 200, 200, 200, 200, 200, 200, 200, 200, 200, 200, 200, 200], "timestamps": [1530546932.9574614, 1530546933.123804, 1530546933.231657, 1530546933.370263, 1530546933.5500126, 1530546933.6360745, 1530546935.0498033, 1530546935.4981961, 1530546936.5098543, 1530546936.6521034, 1530546937.808521, 1530546939.2020648, 1530546941.4160717, 1530546942.7240171, 1530546944.9613667, 1530546946.261307, 1530546948.5036683, 1530546949.8907983, 1530546952.3928645, 1530546953.7128527, 1530546955.1553705, 1530546957.729107, 1530546960.202536, 1530546961.492217, 1530546964.700746, 1530546966.745569, 1530546970.793228, 1530546975.5618842, 1530546978.682755, 1530546983.8405013, 1530546985.9286005, 1530546989.5108197, 1530546991.7930028, 1530546993.442565, 1530546995.960116, 1530546997.7693183, 1530547000.008202, 1530547002.2006989, 1530547003.6596496, 1530547006.3928375, 1530547008.356132, 1530547010.8103728, 1530547013.4949152, 1530547015.0684977, 1530547017.7775867, 1530547019.339188, 1530547021.9085116, 1530547024.4857135, 1530547025.8965087, 1530547029.601088, 1530547031.0977664, 1530547033.754863, 1530547036.4984741, 1530547038.0229306, 1530547039.6951668, 1530547039.7618988, 1530547042.2307012, 1530547044.630933, 1530547047.1191812, 1530547048.540712, 1530547051.1307821, 1530547052.681239, 1530547055.0549335, 1530547057.4493065, 1530547059.0896509, 1530547061.5678945, 1530547063.1383286, 1530547065.8600788, 1530547068.4609785, 1530547069.9820983, 1530547072.246147, 1530547073.6945744, 1530547076.3096817]}