{"episode_types": ["t", "t", "t", "t", "t", "t", "t", "t", "t", "t", "t", "t", "t", "t", "t", "t", "t", "t", "t", "t", "t", "t", "t", "t", "t", "t", "t", "t", "t", "t", "t", "t", "t", "t", "t", "t", "t", "t", "t", "t", "t", "t", "t", "t", "t", "t", "t", "t", "t", "t", "t", "t", "t", "t", "t", "t", "t", "t", "t", "t", "t", "t", "t", "t", "t", "t", "t", "t", "t", "t", "t", "t", "t"], "initial_reset_timestamp": 1530546932.8555348, "episode_rewards": [27.0, 18.0, 43.0, 39.0, 42.0, 64.0, 64.0, 71.0, 76.0, 200.0, 200.0, 85.0, 186.0, 192.0, 200.0, 200.0, 200.0, 200.0, 200.0, 200.0, 200.0, 200.0, 200.0, 200.0, 200.0, 200.0, 200.0, 200.0, 200.0, 200.0, 200.0, 200.0, 200.0, 200.0, 200.0, 200.0, 200.0, 200.0, 200.0, 200.0, 200.0, 200.0, 200.0, 200.0, 200.0, 200.0, 200.0, 200.0, 200.0, 200.0, 200.0, 200.0, 38.0, 11.0, 12.0, 200.0, 200.0, 200.0, 200.0, 200.0, 200.0, 200.0, 200.0, 200.0, 200.0, 200.0, 200.0, 200.0, 200.0, 200.0, 200.0, 200.0], "episode_lengths": [27, 18, 43, 39, 42, 64, 64, 71, 76, 200, 200, 85, 186, 192, 200, 200, 200, 200, 200, 200, 200, 200, 200, 200, 200, 200, 200, 200, 200, 200, 200, 200, 200, 200, 200, 200, 200, 200, 200, 200, 200, 200, 200, 200, 200, 200, 200, 200, 200, 200, 200, 200, 38, 11, 12, 200, 200, 200, 200, 200, 200, 200, 200, 200, 200, 200, 200, 200, 200, 200, 200, 200], "timestamps": [1530546933.0214574, 1530546933.1661766, 1530546933.4525194, 1530546934.897038, 1530546935.1594613, 1530546935.4694178, 1530546936.5422237, 1530546936.7973657, 1530546937.986956, 1530546940.266536, 1530546941.5866876, 1530546942.686277, 1530546943.989379, 1530546946.1851828, 1530546948.4770277, 1530546949.9470901, 1530546952.4466152, 1530546953.8945541, 1530546956.4454956, 1530546959.0241773, 1530546960.3633199, 1530546962.9254048, 1530546964.8771775, 1530546968.68928, 1530546972.839038, 1530546975.957485, 1530546981.14597, 1530546984.3978536, 1530546987.5127304, 1530546990.665839, 1530546991.979253, 1530546994.7356062, 1530546996.1877165, 1530546998.9649222, 1530547001.0663538, 1530547002.379975, 1530547004.7711608, 1530547006.6764405, 1530547009.5694995, 1530547012.2494767, 1530547013.750876, 1530547016.2409232, 1530547017.9578466, 1530547020.5746617, 1530547023.3125296, 1530547024.6647286, 1530547026.9971673, 1530547029.7987583, 1530547032.227795, 1530547035.2516606, 1530547036.6859632, 1530547039.7325506, 1530547039.9097037, 1530547039.959653, 1530547040.030834, 1530547043.214571, 1530547044.7219074, 1530547047.2211359, 1530547049.693606, 1530547051.2459033, 1530547053.8557863, 1530547055.1528478, 1530547057.5572991, 1530547060.2390342, 1530547061.688435, 1530547064.2808936, 1530547066.0464637, 1530547068.5766947, 1530547071.0532959, 1530547072.3497677, 1530547074.895175, 1530547076.4197738]}