{"episode_types": ["t", "t", "t", "t", "t", "t", "t", "t", "t", "t", "t", "t", "t", "t", "t", "t", "t", "t", "t", "t", "t", "t", "t", "t", "t", "t", "t", "t", "t", "t", "t", "t", "t", "t", "t", "t", "t", "t", "t", "t", "t", "t", "t", "t", "t", "t", "t", "t", "t", "t", "t", "t", "t", "t", "t", "t", "t", "t", "t", "t", "t", "t", "t", "t", "t", "t", "t", "t", "t", "t"], "initial_reset_timestamp": 1530546932.855702, "episode_rewards": [81.0, 42.0, 19.0, 18.0, 28.0, 63.0, 34.0, 140.0, 198.0, 192.0, 137.0, 84.0, 195.0, 200.0, 200.0, 156.0, 189.0, 200.0, 200.0, 200.0, 200.0, 200.0, 200.0, 200.0, 200.0, 200.0, 200.0, 200.0, 200.0, 200.0, 200.0, 200.0, 200.0, 200.0, 200.0, 200.0, 200.0, 200.0, 200.0, 200.0, 200.0, 200.0, 200.0, 200.0, 200.0, 200.0, 200.0, 200.0, 200.0, 200.0, 200.0, 200.0, 200.0, 200.0, 200.0, 200.0, 200.0, 200.0, 200.0, 200.0, 200.0, 200.0, 200.0, 200.0, 200.0, 200.0, 200.0, 200.0, 200.0], "episode_lengths": [81, 42, 19, 18, 28, 63, 34, 140, 198, 192, 137, 84, 195, 200, 200, 156, 189, 200, 200, 200, 200, 200, 200, 200, 200, 200, 200, 200, 200, 200, 200, 200, 200, 200, 200, 200, 200, 200, 200, 200, 200, 200, 200, 200, 200, 200, 200, 200, 200, 200, 200, 200, 200, 200, 200, 200, 200, 200, 200, 200, 200, 200, 200, 200, 200, 200, 200, 200, 200], "timestamps": [1530546933.4251552, 1530546933.749637, 1530546935.0142205, 1530546935.11047, 1530546935.2474034, 1530546936.377594, 1530546936.474631, 1530546937.923774, 1530546939.2948143, 1530546941.5228727, 1530546942.7372751, 1530546943.7953165, 1530546945.1231203, 1530546947.3624287, 1530546949.7213995, 1530546951.2800577, 1530546952.5682247, 1530546955.025075, 1530546957.591905, 1530546959.1599145, 1530546961.3735769, 1530546963.0863965, 1530546966.26034, 1530546970.5375297, 1530546973.4379952, 1530546978.1966906, 1530546981.7081485, 1530546985.7745621, 1530546989.227989, 1530546990.769712, 1530546993.2617278, 1530546994.8881502, 1530546997.637864, 1530546999.8749406, 1530547001.201919, 1530547003.4906604, 1530547004.879189, 1530547008.1916218, 1530547010.6654081, 1530547012.3582058, 1530547014.933305, 1530547016.3610935, 1530547019.1466045, 1530547021.7828734, 1530547023.44795, 1530547025.7655082, 1530547027.1285534, 1530547030.959443, 1530547033.5954547, 1530547035.384846, 1530547037.9022067, 1530547040.0838037, 1530547043.2387059, 1530547045.7852552, 1530547047.2392983, 1530547049.7139857, 1530547051.2691517, 1530547053.8758478, 1530547056.1120174, 1530547057.5775468, 1530547060.257873, 1530547061.713285, 1530547064.3042896, 1530547067.1446228, 1530547068.5992625, 1530547071.0702138, 1530547072.369207, 1530547074.918556, 1530547077.5205734]}