{"episode_types": ["t", "t", "t", "t", "t", "t", "t", "t", "t", "t", "t", "t", "t", "t", "t", "t", "t", "t", "t", "t", "t", "t", "t", "t", "t", "t", "t", "t", "t", "t", "t", "t", "t", "t", "t", "t", "t", "t", "t", "t", "t", "t", "t", "t", "t", "t", "t", "t", "t", "t", "t", "t", "t", "t", "t", "t", "t", "t", "t", "t", "t", "t", "t", "t", "t", "t", "t", "t", "t", "t", "t", "t", "t"], "initial_reset_timestamp": 1530546932.8324037, "episode_rewards": [35.0, 9.0, 25.0, 20.0, 26.0, 19.0, 40.0, 44.0, 112.0, 156.0, 200.0, 95.0, 200.0, 159.0, 200.0, 200.0, 150.0, 159.0, 144.0, 200.0, 200.0, 200.0, 200.0, 200.0, 200.0, 200.0, 200.0, 200.0, 200.0, 200.0, 200.0, 200.0, 200.0, 200.0, 200.0, 200.0, 200.0, 200.0, 200.0, 200.0, 200.0, 200.0, 200.0, 200.0, 200.0, 200.0, 200.0, 200.0, 200.0, 200.0, 200.0, 200.0, 200.0, 111.0, 53.0, 200.0, 200.0, 200.0, 200.0, 200.0, 200.0, 200.0, 200.0, 200.0, 200.0, 200.0, 200.0, 200.0, 200.0, 200.0, 200.0, 200.0], "episode_lengths": [35, 9, 25, 20, 26, 19, 40, 44, 112, 156, 200, 95, 200, 159, 200, 200, 150, 159, 144, 200, 200, 200, 200, 200, 200, 200, 200, 200, 200, 200, 200, 200, 200, 200, 200, 200, 200, 200, 200, 200, 200, 200, 200, 200, 200, 200, 200, 200, 200, 200, 200, 200, 200, 111, 53, 200, 200, 200, 200, 200, 200, 200, 200, 200, 200, 200, 200, 200, 200, 200, 200, 200], "timestamps": [1530546933.084946, 1530546933.14257, 1530546933.3037057, 1530546933.464347, 1530546933.662873, 1530546934.9553673, 1530546935.177797, 1530546935.403202, 1530546936.6515234, 1530546938.0726693, 1530546940.3306475, 1530546941.4299119, 1530546942.8092198, 1530546944.9857135, 1530546946.2885048, 1530546948.5730073, 1530546949.9057405, 1530546951.4060242, 1530546952.6197524, 1530546955.078293, 1530546957.661166, 1530546959.2144718, 1530546961.428829, 1530546963.1929002, 1530546966.3929486, 1530546970.6317465, 1530546973.528483, 1530546978.3065367, 1530546981.8350248, 1530546985.841125, 1530546989.3222253, 1530546990.8157547, 1530546993.3339279, 1530546994.9419475, 1530546997.693875, 1530546999.9312472, 1530547001.258178, 1530547003.5559106, 1530547004.9291685, 1530547008.2528107, 1530547010.7257135, 1530547012.4033225, 1530547015.0006826, 1530547016.4122846, 1530547019.2162826, 1530547021.8461082, 1530547023.537477, 1530547025.8209941, 1530547027.1823215, 1530547031.01388, 1530547033.666945, 1530547035.461122, 1530547037.9619, 1530547039.6840384, 1530547039.9687767, 1530547043.178776, 1530547044.6926422, 1530547047.1865504, 1530547049.6634057, 1530547051.2118382, 1530547053.8241816, 1530547055.1203446, 1530547057.5193546, 1530547060.2025273, 1530547061.6526105, 1530547064.2429967, 1530547065.9997554, 1530547068.5421448, 1530547071.024224, 1530547072.315502, 1530547074.8465614, 1530547076.3842573]}