{"episode_types": ["t", "t", "t", "t", "t", "t", "t", "t", "t", "t", "t", "t", "t", "t", "t", "t", "t", "t", "t", "t", "t", "t", "t", "t", "t", "t", "t", "t", "t", "t", "t", "t", "t", "t", "t", "t", "t", "t", "t", "t", "t", "t", "t", "t", "t", "t", "t", "t", "t", "t", "t", "t", "t", "t", "t", "t", "t", "t", "t", "t", "t", "t", "t", "t", "t", "t", "t", "t", "t", "t", "t", "t", "t", "t", "t"], "initial_reset_timestamp": 1530546932.815353, "episode_rewards": [19.0, 46.0, 15.0, 12.0, 20.0, 48.0, 52.0, 44.0, 178.0, 94.0, 177.0, 141.0, 200.0, 131.0, 196.0, 200.0, 200.0, 159.0, 200.0, 200.0, 200.0, 200.0, 200.0, 200.0, 200.0, 200.0, 200.0, 200.0, 200.0, 200.0, 200.0, 200.0, 200.0, 200.0, 200.0, 200.0, 200.0, 200.0, 200.0, 200.0, 200.0, 200.0, 200.0, 200.0, 200.0, 200.0, 200.0, 200.0, 200.0, 200.0, 200.0, 200.0, 200.0, 10.0, 54.0, 62.0, 12.0, 200.0, 200.0, 200.0, 200.0, 200.0, 200.0, 200.0, 200.0, 200.0, 200.0, 200.0, 200.0, 200.0, 200.0, 200.0, 200.0, 200.0], "episode_lengths": [19, 46, 15, 12, 20, 48, 52, 44, 178, 94, 177, 141, 200, 131, 196, 200, 200, 159, 200, 200, 200, 200, 200, 200, 200, 200, 200, 200, 200, 200, 200, 200, 200, 200, 200, 200, 200, 200, 200, 200, 200, 200, 200, 200, 200, 200, 200, 200, 200, 200, 200, 200, 200, 10, 54, 62, 12, 200, 200, 200, 200, 200, 200, 200, 200, 200, 200, 200, 200, 200, 200, 200, 200, 200], "timestamps": [1530546932.9749074, 1530546933.2895122, 1530546933.4099257, 1530546933.4996147, 1530546933.6276462, 1530546935.0971575, 1530546935.3733637, 1530546936.393827, 1530546937.952404, 1530546939.0881536, 1530546940.394927, 1530546941.5983512, 1530546943.8313103, 1530546945.0598252, 1530546946.3717885, 1530546948.6547291, 1530546951.2459714, 1530546952.5147073, 1530546954.929814, 1530546956.4915664, 1530546959.0833933, 1530546960.417889, 1530546962.9942486, 1530546966.0105298, 1530546968.7790806, 1530546973.0254378, 1530546976.0847344, 1530546981.3810823, 1530546985.6923609, 1530546987.748759, 1530546990.70968, 1530546992.03639, 1530546994.8050823, 1530546997.549005, 1530546999.014611, 1530547001.12413, 1530547002.4492283, 1530547004.8246837, 1530547008.0945957, 1530547009.63888, 1530547012.2951744, 1530547013.8363578, 1530547016.2943351, 1530547019.063571, 1530547020.6344132, 1530547023.369872, 1530547024.723214, 1530547027.0561483, 1530547030.8856142, 1530547032.2882142, 1530547035.307108, 1530547036.7433627, 1530547039.8421998, 1530547039.880598, 1530547040.163195, 1530547042.114887, 1530547042.1426065, 1530547044.557475, 1530547046.0223346, 1530547048.4636662, 1530547049.9116204, 1530547052.5796173, 1530547054.986215, 1530547056.3202438, 1530547058.9995239, 1530547060.4495342, 1530547063.0544422, 1530547065.756634, 1530547067.428603, 1530547069.886507, 1530547071.2587092, 1530547073.6085267, 1530547076.220717, 1530547077.7382395]}