{"episode_types": ["t", "t", "t", "t", "t", "t", "t", "t", "t", "t", "t", "t", "t", "t", "t", "t", "t", "t", "t", "t", "t", "t", "t", "t", "t", "t", "t", "t", "t", "t", "t", "t", "t", "t", "t", "t", "t", "t", "t", "t", "t", "t", "t", "t", "t", "t", "t", "t", "t", "t", "t", "t", "t", "t", "t", "t", "t", "t", "t", "t", "t", "t", "t", "t", "t", "t", "t", "t", "t", "t", "t"], "initial_reset_timestamp": 1530546932.8056898, "episode_rewards": [26.0, 47.0, 19.0, 23.0, 22.0, 59.0, 53.0, 85.0, 200.0, 194.0, 80.0, 160.0, 106.0, 200.0, 200.0, 200.0, 200.0, 200.0, 200.0, 200.0, 200.0, 200.0, 200.0, 200.0, 200.0, 200.0, 200.0, 200.0, 200.0, 200.0, 200.0, 200.0, 200.0, 200.0, 200.0, 200.0, 200.0, 200.0, 200.0, 200.0, 200.0, 200.0, 200.0, 200.0, 200.0, 200.0, 200.0, 200.0, 200.0, 200.0, 200.0, 200.0, 129.0, 200.0, 200.0, 200.0, 200.0, 200.0, 200.0, 200.0, 200.0, 200.0, 200.0, 200.0, 200.0, 200.0, 200.0, 200.0, 200.0, 200.0], "episode_lengths": [26, 47, 19, 23, 22, 59, 53, 85, 200, 194, 80, 160, 106, 200, 200, 200, 200, 200, 200, 200, 200, 200, 200, 200, 200, 200, 200, 200, 200, 200, 200, 200, 200, 200, 200, 200, 200, 200, 200, 200, 200, 200, 200, 200, 200, 200, 200, 200, 200, 200, 200, 200, 129, 200, 200, 200, 200, 200, 200, 200, 200, 200, 200, 200, 200, 200, 200, 200, 200, 200], "timestamps": [1530546933.0019162, 1530546933.335012, 1530546933.4995508, 1530546933.6475534, 1530546934.972956, 1530546935.2892697, 1530546935.5382085, 1530546936.6799726, 1530546939.1113887, 1530546940.429215, 1530546941.5021293, 1530546942.7781134, 1530546943.9018042, 1530546946.1322033, 1530546947.4723294, 1530546949.8411999, 1530546951.4586368, 1530546953.8031685, 1530546956.3569176, 1530546957.829717, 1530546960.2806637, 1530546961.580213, 1530546964.789204, 1530546968.5144684, 1530546970.99545, 1530546975.7829669, 1530546979.0106852, 1530546984.105221, 1530546987.3759418, 1530546989.6748269, 1530546991.8837476, 1530546993.564469, 1530546996.0913565, 1530546998.863788, 1530547000.105817, 1530547002.2875433, 1530547003.7671297, 1530547006.5390368, 1530547009.471298, 1530547010.9068627, 1530547013.624603, 1530547015.1448402, 1530547017.8618543, 1530547020.4743388, 1530547021.9835498, 1530547024.571631, 1530547025.9825742, 1530547029.6938632, 1530547032.1295178, 1530547033.8449085, 1530547036.5754387, 1530547038.1848903, 1530547041.9943457, 1530547043.3465517, 1530547045.8999984, 1530547047.3428385, 1530547049.8115158, 1530547052.4581966, 1530547053.9757922, 1530547056.2164712, 1530547057.6794987, 1530547060.348257, 1530547062.9384396, 1530547064.409308, 1530547067.2747219, 1530547068.7036445, 1530547071.1656895, 1530547073.4896674, 1530547075.0256405, 1530547077.6265519]}