{"episode_types": ["t", "t", "t", "t", "t", "t", "t", "t", "t", "t", "t", "t", "t", "t", "t", "t", "t", "t", "t", "t", "t", "t", "t", "t", "t", "t", "t", "t", "t", "t", "t", "t", "t", "t", "t", "t", "t", "t", "t", "t", "t", "t", "t", "t", "t", "t", "t", "t", "t", "t", "t", "t", "t", "t", "t", "t", "t", "t", "t", "t", "t", "t", "t", "t", "t", "t", "t", "t", "t", "t", "t", "t", "t", "t", "t", "t", "t"], "initial_reset_timestamp": 1530546932.879215, "episode_rewards": [24.0, 14.0, 37.0, 22.0, 18.0, 17.0, 27.0, 38.0, 18.0, 32.0, 84.0, 117.0, 200.0, 159.0, 120.0, 199.0, 200.0, 200.0, 156.0, 163.0, 146.0, 200.0, 200.0, 200.0, 200.0, 200.0, 200.0, 200.0, 200.0, 200.0, 200.0, 200.0, 200.0, 200.0, 200.0, 200.0, 200.0, 200.0, 200.0, 200.0, 200.0, 200.0, 200.0, 200.0, 200.0, 200.0, 200.0, 200.0, 200.0, 200.0, 200.0, 200.0, 200.0, 200.0, 200.0, 139.0, 10.0, 83.0, 60.0, 200.0, 200.0, 200.0, 200.0, 200.0, 200.0, 200.0, 200.0, 200.0, 200.0, 200.0, 200.0, 200.0, 200.0, 200.0, 200.0, 200.0], "episode_lengths": [24, 14, 37, 22, 18, 17, 27, 38, 18, 32, 84, 117, 200, 159, 120, 199, 200, 200, 156, 163, 146, 200, 200, 200, 200, 200, 200, 200, 200, 200, 200, 200, 200, 200, 200, 200, 200, 200, 200, 200, 200, 200, 200, 200, 200, 200, 200, 200, 200, 200, 200, 200, 200, 200, 200, 139, 10, 83, 60, 200, 200, 200, 200, 200, 200, 200, 200, 200, 200, 200, 200, 200, 200, 200, 200, 200], "timestamps": [1530546932.9911728, 1530546933.1049285, 1530546933.3491206, 1530546933.5500581, 1530546933.6715252, 1530546934.9379096, 1530546935.0863006, 1530546935.3050973, 1530546935.3885424, 1530546935.5267792, 1530546936.6666687, 1530546938.0032399, 1530546940.2811873, 1530546941.4924, 1530546942.6752648, 1530546944.93526, 1530546946.2248657, 1530546948.5219388, 1530546949.8727221, 1530546951.3916173, 1530546952.6070857, 1530546955.0653098, 1530546957.64693, 1530546959.2008595, 1530546961.4094326, 1530546963.1607969, 1530546966.3562877, 1530546970.6167474, 1530546973.5129158, 1530546978.280316, 1530546981.8185463, 1530546985.8239055, 1530546989.3089597, 1530546990.8052044, 1530546993.317282, 1530546994.9286275, 1530546997.682647, 1530546999.9191425, 1530547001.2449143, 1530547003.5422091, 1530547004.918612, 1530547008.2372575, 1530547010.7103324, 1530547012.3923101, 1530547014.982829, 1530547016.3979063, 1530547019.2000628, 1530547021.834511, 1530547023.499792, 1530547025.8077567, 1530547027.1699681, 1530547031.0025086, 1530547033.6508133, 1530547035.4388645, 1530547037.9502854, 1530547039.83147, 1530547039.8712258, 1530547042.0499053, 1530547042.170811, 1530547044.5843482, 1530547046.053641, 1530547048.48979, 1530547051.0723126, 1530547052.6124737, 1530547055.0108583, 1530547056.3493125, 1530547059.0274444, 1530547061.511282, 1530547063.083475, 1530547065.787482, 1530547067.461818, 1530547069.9208746, 1530547072.2008154, 1530547073.6384304, 1530547076.2515862, 1530547077.7671444]}