{"episode_types": ["t", "t", "t", "t", "t", "t", "t", "t", "t", "t", "t", "t", "t", "t", "t", "t", "t", "t", "t", "t", "t", "t", "t", "t", "t", "t", "t", "t", "t", "t", "t", "t", "t", "t", "t", "t", "t", "t", "t", "t", "t", "t", "t", "t", "t", "t", "t", "t", "t", "t", "t", "t", "t", "t", "t", "t", "t", "t", "t", "t", "t", "t", "t", "t", "t", "t", "t", "t", "t", "t", "t", "t", "t", "t", "t"], "initial_reset_timestamp": 1530546932.846742, "episode_rewards": [15.0, 21.0, 18.0, 25.0, 25.0, 12.0, 11.0, 41.0, 29.0, 87.0, 29.0, 111.0, 141.0, 195.0, 138.0, 144.0, 200.0, 200.0, 200.0, 168.0, 175.0, 200.0, 200.0, 200.0, 200.0, 200.0, 200.0, 200.0, 200.0, 200.0, 200.0, 200.0, 200.0, 200.0, 200.0, 200.0, 200.0, 200.0, 200.0, 200.0, 200.0, 200.0, 200.0, 200.0, 200.0, 200.0, 200.0, 200.0, 200.0, 200.0, 200.0, 200.0, 200.0, 200.0, 200.0, 158.0, 54.0, 200.0, 200.0, 200.0, 200.0, 200.0, 200.0, 200.0, 200.0, 200.0, 200.0, 200.0, 200.0, 200.0, 200.0, 200.0, 200.0, 200.0], "episode_lengths": [15, 21, 18, 25, 25, 12, 11, 41, 29, 87, 29, 111, 141, 195, 138, 144, 200, 200, 200, 168, 175, 200, 200, 200, 200, 200, 200, 200, 200, 200, 200, 200, 200, 200, 200, 200, 200, 200, 200, 200, 200, 200, 200, 200, 200, 200, 200, 200, 200, 200, 200, 200, 200, 200, 200, 158, 54, 200, 200, 200, 200, 200, 200, 200, 200, 200, 200, 200, 200, 200, 200, 200, 200, 200], "timestamps": [1530546932.9392073, 1530546933.0935864, 1530546933.2175698, 1530546933.3987198, 1530546933.586799, 1530546933.6922398, 1530546934.8970294, 1530546935.1487427, 1530546935.3065264, 1530546936.4545612, 1530546936.5921917, 1530546937.91245, 1530546939.1797705, 1530546941.372326, 1530546942.6080704, 1530546943.8158984, 1530546945.1444972, 1530546947.3896115, 1530546949.7500348, 1530546951.3345475, 1530546952.5902665, 1530546955.0471659, 1530546957.6245182, 1530546959.1833518, 1530546961.392129, 1530546963.1082137, 1530546966.321111, 1530546970.5874524, 1530546973.4866917, 1530546978.2378764, 1530546981.776368, 1530546985.8010018, 1530546989.278782, 1530546990.7903104, 1530546993.2941785, 1530546994.9099262, 1530546997.6636653, 1530546999.9011257, 1530547001.2258542, 1530547003.52172, 1530547004.897903, 1530547008.2178335, 1530547010.6911478, 1530547012.3768167, 1530547014.95791, 1530547016.3828416, 1530547019.175771, 1530547021.8174138, 1530547023.4750974, 1530547025.788632, 1530547027.1514614, 1530547030.9831254, 1530547033.6274207, 1530547035.410516, 1530547037.9296615, 1530547039.8940387, 1530547040.177856, 1530547043.3027685, 1530547045.8509963, 1530547047.2919881, 1530547049.7685063, 1530547051.336761, 1530547053.9299798, 1530547056.1697052, 1530547057.632751, 1530547060.3063684, 1530547061.7782633, 1530547064.365059, 1530547067.2178307, 1530547068.6597037, 1530547071.1234071, 1530547072.4243865, 1530547074.9814296, 1530547077.5840142]}