{"episode_types": ["t", "t", "t", "t", "t", "t", "t", "t", "t", "t", "t", "t", "t", "t", "t", "t", "t", "t", "t", "t", "t", "t", "t", "t", "t", "t", "t", "t", "t", "t", "t", "t", "t", "t", "t", "t", "t", "t", "t", "t", "t", "t", "t", "t", "t", "t", "t", "t", "t", "t", "t", "t", "t", "t", "t", "t", "t", "t", "t", "t", "t", "t", "t", "t", "t", "t", "t", "t", "t", "t", "t", "t", "t", "t", "t"], "initial_reset_timestamp": 1530546932.8056872, "episode_rewards": [19.0, 14.0, 11.0, 18.0, 38.0, 19.0, 109.0, 67.0, 57.0, 87.0, 64.0, 99.0, 133.0, 200.0, 200.0, 200.0, 200.0, 200.0, 165.0, 200.0, 200.0, 200.0, 200.0, 200.0, 200.0, 200.0, 200.0, 200.0, 200.0, 200.0, 200.0, 200.0, 200.0, 200.0, 200.0, 200.0, 200.0, 200.0, 200.0, 200.0, 200.0, 200.0, 200.0, 200.0, 200.0, 200.0, 200.0, 200.0, 200.0, 200.0, 200.0, 200.0, 200.0, 101.0, 82.0, 40.0, 11.0, 200.0, 200.0, 200.0, 200.0, 200.0, 200.0, 200.0, 200.0, 200.0, 200.0, 200.0, 200.0, 200.0, 200.0, 200.0, 200.0, 200.0], "episode_lengths": [19, 14, 11, 18, 38, 19, 109, 67, 57, 87, 64, 99, 133, 200, 200, 200, 200, 200, 165, 200, 200, 200, 200, 200, 200, 200, 200, 200, 200, 200, 200, 200, 200, 200, 200, 200, 200, 200, 200, 200, 200, 200, 200, 200, 200, 200, 200, 200, 200, 200, 200, 200, 200, 101, 82, 40, 11, 200, 200, 200, 200, 200, 200, 200, 200, 200, 200, 200, 200, 200, 200, 200, 200, 200], "timestamps": [1530546932.9676363, 1530546933.0659666, 1530546933.1424973, 1530546933.2762303, 1530546933.5698006, 1530546933.7114017, 1530546935.4421082, 1530546936.5300806, 1530546936.7374084, 1530546937.9721775, 1530546939.0425303, 1530546939.252399, 1530546940.4512262, 1530546942.7023516, 1530546944.9708142, 1530546946.2718146, 1530546948.555744, 1530546950.0380292, 1530546952.4224155, 1530546953.8664627, 1530546956.421269, 1530546957.903331, 1530546960.3395636, 1530546962.8757012, 1530546964.8519175, 1530546968.6470711, 1530546971.147122, 1530546975.9087255, 1530546981.049323, 1530546984.3493664, 1530546987.4570794, 1530546989.7822685, 1530546991.951861, 1530546994.7101424, 1530546996.1611614, 1530546998.9343774, 1530547000.1693923, 1530547002.3533394, 1530547004.7483351, 1530547006.6353865, 1530547009.5412798, 1530547010.977199, 1530547013.7047622, 1530547016.213284, 1530547017.9260747, 1530547020.5475726, 1530547022.0404446, 1530547024.6375437, 1530547026.9713702, 1530547029.7684214, 1530547032.1933644, 1530547033.9176908, 1530547036.648855, 1530547037.9994354, 1530547039.6172574, 1530547039.79772, 1530547039.8531382, 1530547043.132743, 1530547044.6592612, 1530547047.153621, 1530547048.5713902, 1530547051.170461, 1530547053.7823765, 1530547055.0856218, 1530547057.4830549, 1530547059.124616, 1530547061.6078184, 1530547064.2023077, 1530547065.9108713, 1530547068.4964767, 1530547070.0222306, 1530547072.2771945, 1530547074.7937493, 1530547076.3446054]}