{"episode_types": ["t", "t", "t", "t", "t", "t", "t", "t", "t", "t", "t", "t", "t", "t", "t", "t", "t", "t", "t", "t", "t", "t", "t", "t", "t", "t", "t", "t", "t", "t", "t", "t", "t", "t", "t", "t", "t", "t", "t", "t", "t", "t", "t", "t", "t", "t", "t", "t", "t", "t", "t", "t", "t", "t", "t", "t", "t", "t", "t", "t", "t", "t", "t", "t", "t", "t", "t", "t", "t"], "initial_reset_timestamp": 1530546932.8661096, "episode_rewards": [27.0, 21.0, 42.0, 36.0, 63.0, 200.0, 200.0, 166.0, 200.0, 200.0, 200.0, 200.0, 200.0, 161.0, 165.0, 200.0, 200.0, 200.0, 200.0, 200.0, 200.0, 200.0, 200.0, 200.0, 200.0, 200.0, 200.0, 200.0, 200.0, 200.0, 200.0, 200.0, 200.0, 200.0, 200.0, 200.0, 200.0, 200.0, 200.0, 200.0, 200.0, 200.0, 200.0, 200.0, 200.0, 200.0, 200.0, 200.0, 200.0, 10.0, 109.0, 200.0, 200.0, 200.0, 200.0, 200.0, 200.0, 200.0, 200.0, 200.0, 200.0, 200.0, 200.0, 200.0, 200.0, 200.0, 200.0, 200.0], "episode_lengths": [27, 21, 42, 36, 63, 200, 200, 166, 200, 200, 200, 200, 200, 161, 165, 200, 200, 200, 200, 200, 200, 200, 200, 200, 200, 200, 200, 200, 200, 200, 200, 200, 200, 200, 200, 200, 200, 200, 200, 200, 200, 200, 200, 200, 200, 200, 200, 200, 200, 10, 109, 200, 200, 200, 200, 200, 200, 200, 200, 200, 200, 200, 200, 200, 200, 200, 200, 200], "timestamps": [1530546933.0290725, 1530546933.197734, 1530546933.4876206, 1530546934.880014, 1530546935.2579725, 1530546937.8412597, 1530546939.224101, 1530546941.350119, 1530546942.7475936, 1530546945.0120513, 1530546946.322781, 1530546948.6077952, 1530546951.1926007, 1530546952.466751, 1530546953.8223672, 1530546956.3780472, 1530546957.852321, 1530546960.2987812, 1530546962.7781463, 1530546964.8079286, 1530546968.565092, 1530546971.0370913, 1530546975.8197, 1530546980.9078104, 1530546984.1974473, 1530546987.405315, 1530546989.7043898, 1530546991.9068465, 1530546994.6500306, 1530546996.1173537, 1530546998.8848536, 1530547000.1258197, 1530547002.3084123, 1530547004.7135067, 1530547006.5615475, 1530547009.492567, 1530547010.9294443, 1530547013.6469872, 1530547016.1635082, 1530547017.881661, 1530547020.4945793, 1530547022.002418, 1530547024.5915353, 1530547026.9200191, 1530547029.7136524, 1530547032.1472974, 1530547033.8645113, 1530547036.5959775, 1530547039.6072268, 1530547039.639357, 1530547040.2027154, 1530547043.325456, 1530547045.8760815, 1530547047.3189332, 1530547049.788989, 1530547051.361437, 1530547053.9514103, 1530547056.1921647, 1530547057.6565466, 1530547060.3263543, 1530547061.8061223, 1530547064.3866222, 1530547067.2455337, 1530547068.681701, 1530547071.1458247, 1530547072.446074, 1530547075.0028949, 1530547077.6051552]}