{"episode_types": ["t", "t", "t", "t", "t", "t", "t", "t", "t", "t", "t", "t", "t", "t", "t", "t", "t", "t", "t", "t", "t", "t", "t", "t", "t", "t", "t", "t", "t", "t", "t", "t", "t", "t", "t", "t", "t", "t", "t", "t", "t", "t", "t", "t", "t", "t", "t", "t", "t", "t", "t", "t", "t", "t", "t", "t", "t", "t", "t", "t", "t", "t", "t", "t", "t", "t", "t", "t", "t", "t", "t", "t", "t", "t"], "initial_reset_timestamp": 1530546932.8187976, "episode_rewards": [27.0, 44.0, 15.0, 29.0, 10.0, 33.0, 38.0, 35.0, 96.0, 37.0, 176.0, 164.0, 168.0, 200.0, 200.0, 200.0, 200.0, 200.0, 171.0, 200.0, 200.0, 200.0, 200.0, 200.0, 200.0, 200.0, 200.0, 200.0, 200.0, 200.0, 200.0, 200.0, 200.0, 200.0, 200.0, 200.0, 200.0, 200.0, 200.0, 200.0, 200.0, 200.0, 200.0, 200.0, 200.0, 200.0, 200.0, 200.0, 200.0, 200.0, 200.0, 200.0, 200.0, 99.0, 12.0, 50.0, 200.0, 200.0, 200.0, 200.0, 200.0, 200.0, 200.0, 200.0, 200.0, 200.0, 200.0, 200.0, 200.0, 200.0, 200.0, 200.0, 200.0], "episode_lengths": [27, 44, 15, 29, 10, 33, 38, 35, 96, 37, 176, 164, 168, 200, 200, 200, 200, 200, 171, 200, 200, 200, 200, 200, 200, 200, 200, 200, 200, 200, 200, 200, 200, 200, 200, 200, 200, 200, 200, 200, 200, 200, 200, 200, 200, 200, 200, 200, 200, 200, 200, 200, 200, 99, 12, 50, 200, 200, 200, 200, 200, 200, 200, 200, 200, 200, 200, 200, 200, 200, 200, 200, 200], "timestamps": [1530546933.0117114, 1530546933.3153772, 1530546933.4408088, 1530546933.655749, 1530546933.7693882, 1530546935.0775497, 1530546935.2974722, 1530546935.4553382, 1530546936.6352727, 1530546936.777155, 1530546939.1265044, 1530546940.3831499, 1530546941.64361, 1530546943.89027, 1530546946.120605, 1530546947.4618354, 1530546949.8225365, 1530546951.4473078, 1530546953.7301617, 1530546955.1693928, 1530546957.7451072, 1530546960.2172425, 1530546961.508894, 1530546964.7168996, 1530546966.7725525, 1530546970.8191426, 1530546975.5884702, 1530546978.7269824, 1530546983.8660266, 1530546985.9431002, 1530546989.5262127, 1530546991.8071756, 1530546993.4807668, 1530546995.9933262, 1530546997.7846165, 1530547000.0236459, 1530547002.2149441, 1530547003.6765964, 1530547006.4420831, 1530547008.3762748, 1530547010.8276052, 1530547013.5230057, 1530547015.0808716, 1530547017.7919056, 1530547019.3644326, 1530547021.923468, 1530547024.500183, 1530547025.9120758, 1530547029.615997, 1530547031.110322, 1530547033.7697363, 1530547036.5119452, 1530547038.1001296, 1530547039.8805554, 1530547039.9410903, 1530547042.0043128, 1530547043.3562584, 1530547045.9145894, 1530547047.3535635, 1530547049.8221745, 1530547052.4706323, 1530547053.9882705, 1530547056.2265606, 1530547057.6967103, 1530547060.3594127, 1530547062.9515517, 1530547064.4206734, 1530547067.2907553, 1530547068.7141435, 1530547071.1744566, 1530547073.5023654, 1530547075.0374813, 1530547077.6376648]}