{"episode_types": ["t", "t", "t", "t", "t", "t", "t", "t", "t", "t", "t", "t", "t", "t", "t", "t", "t", "t", "t", "t", "t", "t", "t", "t", "t", "t", "t", "t", "t", "t", "t", "t", "t", "t", "t", "t", "t", "t", "t", "t", "t", "t", "t", "t", "t", "t", "t", "t", "t", "t", "t", "t", "t", "t", "t", "t", "t", "t", "t", "t", "t", "t", "t", "t", "t", "t", "t", "t", "t", "t", "t", "t", "t", "t", "t", "t", "t"], "initial_reset_timestamp": 1530546932.877769, "episode_rewards": [34.0, 26.0, 17.0, 28.0, 18.0, 32.0, 21.0, 32.0, 25.0, 55.0, 200.0, 126.0, 181.0, 160.0, 200.0, 200.0, 200.0, 200.0, 151.0, 200.0, 200.0, 200.0, 200.0, 200.0, 200.0, 200.0, 200.0, 200.0, 200.0, 200.0, 200.0, 200.0, 200.0, 200.0, 200.0, 200.0, 200.0, 200.0, 200.0, 200.0, 200.0, 200.0, 200.0, 200.0, 200.0, 200.0, 200.0, 200.0, 200.0, 200.0, 200.0, 200.0, 200.0, 200.0, 11.0, 11.0, 42.0, 10.0, 10.0, 200.0, 200.0, 200.0, 200.0, 200.0, 200.0, 200.0, 200.0, 200.0, 200.0, 200.0, 200.0, 200.0, 200.0, 200.0, 200.0, 200.0], "episode_lengths": [34, 26, 17, 28, 18, 32, 21, 32, 25, 55, 200, 126, 181, 160, 200, 200, 200, 200, 151, 200, 200, 200, 200, 200, 200, 200, 200, 200, 200, 200, 200, 200, 200, 200, 200, 200, 200, 200, 200, 200, 200, 200, 200, 200, 200, 200, 200, 200, 200, 200, 200, 200, 200, 200, 11, 11, 42, 10, 10, 200, 200, 200, 200, 200, 200, 200, 200, 200, 200, 200, 200, 200, 200, 200, 200, 200], "timestamps": [1530546933.0749154, 1530546933.2658212, 1530546933.3792377, 1530546933.607556, 1530546933.758346, 1530546935.0616405, 1530546935.1995785, 1530546935.3519888, 1530546935.4706354, 1530546936.4908676, 1530546938.086133, 1530546939.2761803, 1530546941.464437, 1530546942.7476377, 1530546945.0121238, 1530546946.3231375, 1530546948.6082604, 1530546951.1933718, 1530546952.4377522, 1530546953.8844042, 1530546956.4378157, 1530546959.0155656, 1530546960.3540094, 1530546962.91215, 1530546964.869508, 1530546968.6743345, 1530546972.8257027, 1530546975.9451952, 1530546981.1009684, 1530546984.3809323, 1530546987.475511, 1530546990.6572235, 1530546991.9701786, 1530546994.7274559, 1530546996.1772614, 1530546998.9539685, 1530547001.0562756, 1530547002.3705337, 1530547004.7610986, 1530547006.6615582, 1530547009.56036, 1530547012.2401524, 1530547013.7342331, 1530547016.2312248, 1530547017.9475462, 1530547020.5654094, 1530547023.3021724, 1530547024.6541586, 1530547026.9894993, 1530547029.7880485, 1530547032.216439, 1530547035.2407665, 1530547036.6723495, 1530547039.7133343, 1530547039.7737877, 1530547039.820909, 1530547040.0470948, 1530547040.1004891, 1530547040.1410122, 1530547043.2813404, 1530547045.828494, 1530547047.271835, 1530547049.7500334, 1530547051.3157268, 1530547053.912117, 1530547056.1512284, 1530547057.6138952, 1530547060.2889457, 1530547061.7549, 1530547064.3436725, 1530547067.195167, 1530547068.6388154, 1530547071.1048906, 1530547072.4060621, 1530547074.9625342, 1530547077.564751]}