{"episode_types": ["t", "t", "t", "t", "t", "t", "t", "t", "t", "t", "t", "t", "t", "t", "t", "t", "t", "t", "t", "t", "t", "t", "t", "t", "t", "t", "t", "t", "t", "t", "t", "t", "t", "t", "t", "t", "t", "t", "t", "t", "t", "t", "t", "t", "t", "t", "t", "t", "t", "t", "t", "t", "t", "t", "t", "t", "t", "t", "t", "t", "t", "t", "t", "t", "t", "t", "t", "t", "t", "t", "t", "t", "t", "t"], "initial_reset_timestamp": 1530546932.8922067, "episode_rewards": [15.0, 29.0, 15.0, 19.0, 15.0, 22.0, 25.0, 58.0, 44.0, 46.0, 200.0, 200.0, 81.0, 200.0, 160.0, 200.0, 200.0, 200.0, 200.0, 188.0, 200.0, 200.0, 200.0, 200.0, 200.0, 200.0, 200.0, 200.0, 200.0, 200.0, 200.0, 200.0, 200.0, 200.0, 200.0, 200.0, 200.0, 200.0, 200.0, 200.0, 200.0, 200.0, 200.0, 200.0, 200.0, 200.0, 200.0, 200.0, 200.0, 200.0, 200.0, 200.0, 200.0, 200.0, 9.0, 74.0, 200.0, 200.0, 200.0, 200.0, 200.0, 200.0, 200.0, 200.0, 200.0, 200.0, 200.0, 200.0, 200.0, 200.0, 200.0, 200.0, 200.0], "episode_lengths": [15, 29, 15, 19, 15, 22, 25, 58, 44, 46, 200, 200, 81, 200, 160, 200, 200, 200, 200, 188, 200, 200, 200, 200, 200, 200, 200, 200, 200, 200, 200, 200, 200, 200, 200, 200, 200, 200, 200, 200, 200, 200, 200, 200, 200, 200, 200, 200, 200, 200, 200, 200, 200, 200, 9, 74, 200, 200, 200, 200, 200, 200, 200, 200, 200, 200, 200, 200, 200, 200, 200, 200, 200], "timestamps": [1530546932.9391012, 1530546933.1551518, 1530546933.2554593, 1530546933.3885076, 1530546933.5290835, 1530546933.6789465, 1530546934.996186, 1530546935.3218935, 1530546935.4976504, 1530546936.489987, 1530546938.0860744, 1530546940.3448246, 1530546941.3947287, 1530546942.7877522, 1530546944.9495, 1530546946.2400706, 1530546948.5357854, 1530546950.014064, 1530546952.5014496, 1530546953.9191532, 1530546956.466495, 1530546959.0499187, 1530546960.386886, 1530546962.9536593, 1530546964.9009721, 1530546968.7289984, 1530546972.8905847, 1530546976.0144994, 1530546981.2403643, 1530546984.448973, 1530546987.6339195, 1530546990.6832123, 1530546992.0045166, 1530546994.7589896, 1530546996.2223651, 1530546998.9859736, 1530547001.090025, 1530547002.403703, 1530547004.7929254, 1530547006.7084825, 1530547009.593187, 1530547012.2675967, 1530547013.7901063, 1530547016.264626, 1530547017.9837093, 1530547020.5984766, 1530547023.3386943, 1530547024.6909354, 1530547027.023073, 1530547029.8374352, 1530547032.2516198, 1530547035.2717109, 1530547036.713121, 1530547039.773808, 1530547039.810089, 1530547040.2116733, 1530547043.3328083, 1530547045.8848991, 1530547047.3271055, 1530547049.7993624, 1530547051.3697488, 1530547053.9612648, 1530547056.2008061, 1530547057.666248, 1530547060.3353786, 1530547061.8159077, 1530547064.3950992, 1530547067.2544506, 1530547068.6895769, 1530547071.1531527, 1530547072.4565957, 1530547075.0136242, 1530547077.6146522]}