{"initial_reset_timestamp": 1530547690.440165, "episode_rewards": [15.0, 21.0, 18.0, 25.0, 25.0, 12.0, 11.0, 45.0, 13.0, 19.0, 20.0, 17.0, 23.0, 72.0, 24.0, 55.0, 28.0, 21.0, 56.0, 52.0, 96.0, 161.0, 143.0, 200.0, 200.0, 141.0, 159.0, 200.0, 200.0, 200.0, 161.0, 200.0, 200.0, 200.0, 200.0, 200.0, 200.0, 200.0, 200.0, 200.0, 200.0, 200.0, 200.0, 200.0, 200.0, 200.0, 200.0, 200.0, 200.0, 200.0, 200.0, 200.0, 200.0, 200.0, 200.0, 193.0, 200.0, 200.0, 200.0, 200.0, 200.0, 200.0, 200.0, 200.0, 200.0, 200.0, 200.0, 200.0, 200.0, 200.0, 200.0, 200.0, 200.0, 200.0, 200.0, 200.0, 200.0, 200.0, 200.0, 200.0, 200.0], "episode_types": ["t", "t", "t", "t", "t", "t", "t", "t", "t", "t", "t", "t", "t", "t", "t", "t", "t", "t", "t", "t", "t", "t", "t", "t", "t", "t", "t", "t", "t", "t", "t", "t", "t", "t", "t", "t", "t", "t", "t", "t", "t", "t", "t", "t", "t", "t", "t", "t", "t", "t", "t", "t", "t", "t", "t", "t", "t", "t", "t", "t", "t", "t", "t", "t", "t", "t", "t", "t", "t", "t", "t", "t", "t", "t", "t", "t", "t", "t", "t", "t", "t", "t"], "timestamps": [1530547690.5541663, 1530547690.7212346, 1530547690.833533, 1530547691.0000026, 1530547691.1570425, 1530547691.2518058, 1530547692.4105067, 1530547692.7190146, 1530547692.7982788, 1530547692.9032824, 1530547693.0170774, 1530547693.1418557, 1530547694.3016748, 1530547694.5977643, 1530547694.6966531, 1530547696.5205324, 1530547696.5928192, 1530547696.6870303, 1530547697.8267615, 1530547697.958806, 1530547699.4144115, 1530547700.8387196, 1530547702.310343, 1530547705.01058, 1530547706.5452368, 1530547709.3024426, 1530547710.6574214, 1530547712.1917632, 1530547714.7840896, 1530547717.825101, 1530547719.5604908, 1530547722.6927109, 1530547724.2052414, 1530547726.854843, 1530547728.7277887, 1530547731.4993966, 1530547734.1352115, 1530547735.6528678, 1530547738.4783149, 1530547740.1563373, 1530547742.7294502, 1530547746.5773916, 1530547748.3649058, 1530547751.3823006, 1530547753.2053363, 1530547756.0478683, 1530547758.531533, 1530547760.33317, 1530547762.833005, 1530547764.2382698, 1530547766.6737652, 1530547769.0842218, 1530547770.427345, 1530547772.8180392, 1530547774.3764186, 1530547776.8811457, 1530547780.1825254, 1530547781.8990636, 1530547784.2437737, 1530547785.6609685, 1530547788.6282113, 1530547791.076775, 1530547792.9256685, 1530547795.8428898, 1530547797.4803874, 1530547799.649695, 1530547802.3775482, 1530547803.99928, 1530547806.37174, 1530547807.7761228, 1530547810.1944077, 1530547812.4586854, 1530547813.8123033, 1530547816.1198797, 1530547817.5576563, 1530547820.0599973, 1530547822.4313974, 1530547823.8755581, 1530547826.601627, 1530547828.5066679, 1530547830.9815364], "episode_lengths": [15, 21, 18, 25, 25, 12, 11, 45, 13, 19, 20, 17, 23, 72, 24, 55, 28, 21, 56, 52, 96, 161, 143, 200, 200, 141, 159, 200, 200, 200, 161, 200, 200, 200, 200, 200, 200, 200, 200, 200, 200, 200, 200, 200, 200, 200, 200, 200, 200, 200, 200, 200, 200, 200, 200, 193, 200, 200, 200, 200, 200, 200, 200, 200, 200, 200, 200, 200, 200, 200, 200, 200, 200, 200, 200, 200, 200, 200, 200, 200, 200]}