{"initial_reset_timestamp": 1530547690.3967018, "episode_rewards": [43.0, 16.0, 12.0, 9.0, 10.0, 15.0, 15.0, 22.0, 54.0, 15.0, 23.0, 34.0, 58.0, 40.0, 42.0, 76.0, 21.0, 74.0, 43.0, 194.0, 185.0, 128.0, 200.0, 200.0, 194.0, 195.0, 200.0, 200.0, 200.0, 200.0, 200.0, 200.0, 200.0, 200.0, 200.0, 200.0, 200.0, 200.0, 200.0, 200.0, 200.0, 200.0, 200.0, 200.0, 200.0, 200.0, 200.0, 200.0, 200.0, 200.0, 189.0, 200.0, 200.0, 200.0, 200.0, 200.0, 200.0, 200.0, 200.0, 200.0, 200.0, 200.0, 200.0, 200.0, 200.0, 171.0, 200.0, 200.0, 183.0, 200.0, 200.0, 200.0, 200.0, 200.0, 200.0, 200.0, 200.0, 200.0, 200.0], "episode_types": ["t", "t", "t", "t", "t", "t", "t", "t", "t", "t", "t", "t", "t", "t", "t", "t", "t", "t", "t", "t", "t", "t", "t", "t", "t", "t", "t", "t", "t", "t", "t", "t", "t", "t", "t", "t", "t", "t", "t", "t", "t", "t", "t", "t", "t", "t", "t", "t", "t", "t", "t", "t", "t", "t", "t", "t", "t", "t", "t", "t", "t", "t", "t", "t", "t", "t", "t", "t", "t", "t", "t", "t", "t", "t", "t", "t", "t", "t", "t", "t"], "timestamps": [1530547690.7498538, 1530547690.8622398, 1530547690.9330325, 1530547691.0085666, 1530547691.0671978, 1530547691.16666, 1530547691.2842126, 1530547692.5396407, 1530547692.8523245, 1530547692.9555964, 1530547693.0978029, 1530547694.3192933, 1530547694.5481286, 1530547694.7404187, 1530547696.4892955, 1530547696.7494924, 1530547697.7814763, 1530547697.9758615, 1530547698.1172369, 1530547700.77967, 1530547703.3594353, 1530547704.8837373, 1530547706.4667077, 1530547709.3595939, 1530547710.767201, 1530547713.3024795, 1530547714.877198, 1530547717.9327264, 1530547721.036833, 1530547722.8762178, 1530547725.4329708, 1530547727.1141918, 1530547730.0756276, 1530547732.823129, 1530547734.2843, 1530547736.9226778, 1530547738.6464732, 1530547741.366982, 1530547744.17243, 1530547746.7950628, 1530547749.6660452, 1530547751.5652165, 1530547754.5746434, 1530547757.2989318, 1530547758.7166474, 1530547761.5159924, 1530547763.0257642, 1530547765.4114282, 1530547767.806852, 1530547769.2341685, 1530547771.5641696, 1530547772.9804013, 1530547775.5084903, 1530547778.383023, 1530547780.3680327, 1530547782.9781969, 1530547784.3923714, 1530547787.2708714, 1530547789.8366067, 1530547791.2497976, 1530547794.3188598, 1530547796.0075579, 1530547798.508882, 1530547800.835114, 1530547802.5419402, 1530547805.0506296, 1530547806.4747937, 1530547808.987174, 1530547810.2740633, 1530547812.5384486, 1530547813.9035842, 1530547816.2106707, 1530547818.7662394, 1530547820.150565, 1530547822.5243645, 1530547823.9656196, 1530547826.6927376, 1530547829.6364753, 1530547831.055335], "episode_lengths": [43, 16, 12, 9, 10, 15, 15, 22, 54, 15, 23, 34, 58, 40, 42, 76, 21, 74, 43, 194, 185, 128, 200, 200, 194, 195, 200, 200, 200, 200, 200, 200, 200, 200, 200, 200, 200, 200, 200, 200, 200, 200, 200, 200, 200, 200, 200, 200, 200, 200, 189, 200, 200, 200, 200, 200, 200, 200, 200, 200, 200, 200, 200, 200, 200, 171, 200, 200, 183, 200, 200, 200, 200, 200, 200, 200, 200, 200, 200]}