{"initial_reset_timestamp": 1530547690.3573534, "episode_rewards": [26.0, 47.0, 19.0, 23.0, 14.0, 11.0, 35.0, 56.0, 31.0, 25.0, 56.0, 27.0, 19.0, 200.0, 29.0, 92.0, 113.0, 192.0, 200.0, 200.0, 135.0, 200.0, 200.0, 200.0, 200.0, 200.0, 200.0, 200.0, 200.0, 200.0, 200.0, 200.0, 200.0, 200.0, 200.0, 200.0, 200.0, 200.0, 200.0, 200.0, 200.0, 200.0, 200.0, 200.0, 200.0, 200.0, 200.0, 200.0, 200.0, 200.0, 200.0, 200.0, 200.0, 200.0, 200.0, 200.0, 200.0, 200.0, 200.0, 200.0, 49.0, 200.0, 200.0, 200.0, 200.0, 200.0, 200.0, 200.0, 200.0, 200.0, 200.0, 200.0, 200.0, 200.0, 200.0, 200.0], "episode_types": ["t", "t", "t", "t", "t", "t", "t", "t", "t", "t", "t", "t", "t", "t", "t", "t", "t", "t", "t", "t", "t", "t", "t", "t", "t", "t", "t", "t", "t", "t", "t", "t", "t", "t", "t", "t", "t", "t", "t", "t", "t", "t", "t", "t", "t", "t", "t", "t", "t", "t", "t", "t", "t", "t", "t", "t", "t", "t", "t", "t", "t", "t", "t", "t", "t", "t", "t", "t", "t", "t", "t", "t", "t", "t", "t", "t", "t"], "timestamps": [1530547690.6308608, 1530547690.943017, 1530547691.0903208, 1530547691.2134066, 1530547692.4256487, 1530547692.5154397, 1530547692.738475, 1530547693.0534701, 1530547694.285029, 1530547694.4001093, 1530547694.6323216, 1530547694.7625139, 1530547696.417785, 1530547698.0283458, 1530547698.105506, 1530547699.4967153, 1530547700.8149042, 1530547703.399949, 1530547705.0810115, 1530547707.9364045, 1530547709.4216912, 1530547710.8596182, 1530547713.394193, 1530547716.541799, 1530547718.0009341, 1530547721.12275, 1530547722.943498, 1530547725.5122156, 1530547728.5266533, 1530547730.1658864, 1530547732.941996, 1530547734.348768, 1530547736.985316, 1530547739.9020178, 1530547741.446148, 1530547744.2438424, 1530547746.8767676, 1530547749.735162, 1530547753.0015092, 1530547754.6626232, 1530547757.3827505, 1530547758.7904875, 1530547761.5958264, 1530547764.0571182, 1530547765.4913924, 1530547767.8634043, 1530547769.295876, 1530547771.6483345, 1530547774.1888068, 1530547775.596546, 1530547778.4875495, 1530547780.4556544, 1530547783.072518, 1530547785.4770737, 1530547787.3736835, 1530547789.9508443, 1530547791.3607295, 1530547794.4274662, 1530547797.2824483, 1530547798.6065028, 1530547799.57749, 1530547801.0687466, 1530547803.9197414, 1530547805.251676, 1530547807.6504722, 1530547810.133328, 1530547811.4801085, 1530547813.7350967, 1530547815.052439, 1530547817.4554734, 1530547819.9840329, 1530547821.4004045, 1530547823.813033, 1530547825.289596, 1530547828.4297085, 1530547830.9151273], "episode_lengths": [26, 47, 19, 23, 14, 11, 35, 56, 31, 25, 56, 27, 19, 200, 29, 92, 113, 192, 200, 200, 135, 200, 200, 200, 200, 200, 200, 200, 200, 200, 200, 200, 200, 200, 200, 200, 200, 200, 200, 200, 200, 200, 200, 200, 200, 200, 200, 200, 200, 200, 200, 200, 200, 200, 200, 200, 200, 200, 200, 200, 49, 200, 200, 200, 200, 200, 200, 200, 200, 200, 200, 200, 200, 200, 200, 200]}