{"initial_reset_timestamp": 1530547690.3573017, "episode_rewards": [19.0, 14.0, 11.0, 18.0, 38.0, 19.0, 32.0, 17.0, 29.0, 24.0, 18.0, 36.0, 40.0, 52.0, 108.0, 47.0, 200.0, 200.0, 179.0, 126.0, 200.0, 153.0, 200.0, 200.0, 200.0, 200.0, 200.0, 200.0, 200.0, 200.0, 200.0, 200.0, 200.0, 200.0, 200.0, 200.0, 200.0, 200.0, 200.0, 200.0, 200.0, 200.0, 200.0, 200.0, 200.0, 200.0, 200.0, 200.0, 200.0, 200.0, 200.0, 200.0, 200.0, 200.0, 200.0, 200.0, 200.0, 200.0, 200.0, 200.0, 200.0, 200.0, 200.0, 200.0, 200.0, 200.0, 200.0, 200.0, 200.0, 200.0, 200.0, 200.0, 200.0, 200.0, 200.0, 200.0], "episode_types": ["t", "t", "t", "t", "t", "t", "t", "t", "t", "t", "t", "t", "t", "t", "t", "t", "t", "t", "t", "t", "t", "t", "t", "t", "t", "t", "t", "t", "t", "t", "t", "t", "t", "t", "t", "t", "t", "t", "t", "t", "t", "t", "t", "t", "t", "t", "t", "t", "t", "t", "t", "t", "t", "t", "t", "t", "t", "t", "t", "t", "t", "t", "t", "t", "t", "t", "t", "t", "t", "t", "t", "t", "t", "t", "t", "t", "t"], "timestamps": [1530547690.5890136, 1530547690.6930182, 1530547690.764529, 1530547690.8907273, 1530547691.1421332, 1530547691.2693367, 1530547692.600594, 1530547692.6973052, 1530547692.8626387, 1530547692.9937384, 1530547693.1300073, 1530547694.3389697, 1530547694.4993582, 1530547694.7509983, 1530547696.7296326, 1530547697.8371542, 1530547699.5420651, 1530547702.245662, 1530547703.6545537, 1530547705.121268, 1530547707.9763958, 1530547709.4941864, 1530547711.9618535, 1530547713.4470634, 1530547716.5855823, 1530547719.4516385, 1530547721.1959193, 1530547724.075256, 1530547725.5801833, 1530547728.594932, 1530547731.3658037, 1530547733.0032687, 1530547735.5426962, 1530547737.0570078, 1530547739.9778268, 1530547742.5716324, 1530547744.3149521, 1530547748.2389379, 1530547749.7767122, 1530547753.0550218, 1530547755.9433804, 1530547757.4403377, 1530547760.2140548, 1530547761.6601744, 1530547764.1229525, 1530547766.5731323, 1530547767.9222968, 1530547770.3195448, 1530547771.7030284, 1530547774.2533422, 1530547776.6814568, 1530547778.552388, 1530547781.7954676, 1530547783.1269317, 1530547785.5411415, 1530547788.4900923, 1530547790.0170584, 1530547792.805506, 1530547794.4937499, 1530547797.352742, 1530547799.5329082, 1530547801.0053596, 1530547803.8712718, 1530547805.2186024, 1530547807.6156867, 1530547810.0988908, 1530547811.4508715, 1530547813.693757, 1530547815.0084577, 1530547817.4201603, 1530547819.949062, 1530547821.366061, 1530547823.784277, 1530547825.192099, 1530547828.3959556, 1530547830.8859656], "episode_lengths": [19, 14, 11, 18, 38, 19, 32, 17, 29, 24, 18, 36, 40, 52, 108, 47, 200, 200, 179, 126, 200, 153, 200, 200, 200, 200, 200, 200, 200, 200, 200, 200, 200, 200, 200, 200, 200, 200, 200, 200, 200, 200, 200, 200, 200, 200, 200, 200, 200, 200, 200, 200, 200, 200, 200, 200, 200, 200, 200, 200, 200, 200, 200, 200, 200, 200, 200, 200, 200, 200, 200, 200, 200, 200, 200, 200]}