{"initial_reset_timestamp": 1530547690.4392195, "episode_rewards": [27.0, 18.0, 43.0, 39.0, 68.0, 36.0, 67.0, 72.0, 11.0, 12.0, 76.0, 166.0, 200.0, 191.0, 136.0, 178.0, 200.0, 200.0, 181.0, 175.0, 200.0, 200.0, 200.0, 200.0, 80.0, 200.0, 200.0, 200.0, 200.0, 200.0, 200.0, 200.0, 200.0, 104.0, 200.0, 200.0, 200.0, 200.0, 198.0, 200.0, 157.0, 200.0, 200.0, 200.0, 200.0, 200.0, 200.0, 185.0, 200.0, 200.0, 200.0, 200.0, 200.0, 200.0, 200.0, 200.0, 200.0, 200.0, 200.0, 200.0, 200.0, 200.0, 200.0, 200.0, 200.0, 200.0, 200.0, 200.0, 200.0, 200.0, 200.0, 200.0, 200.0], "episode_types": ["t", "t", "t", "t", "t", "t", "t", "t", "t", "t", "t", "t", "t", "t", "t", "t", "t", "t", "t", "t", "t", "t", "t", "t", "t", "t", "t", "t", "t", "t", "t", "t", "t", "t", "t", "t", "t", "t", "t", "t", "t", "t", "t", "t", "t", "t", "t", "t", "t", "t", "t", "t", "t", "t", "t", "t", "t", "t", "t", "t", "t", "t", "t", "t", "t", "t", "t", "t", "t", "t", "t", "t", "t", "t"], "timestamps": [1530547690.6497247, 1530547690.786115, 1530547691.0497234, 1530547692.4104486, 1530547692.8378303, 1530547693.07479, 1530547694.4346638, 1530547694.7719052, 1530547696.386984, 1530547696.4385693, 1530547696.709059, 1530547699.3187802, 1530547700.855036, 1530547703.4495175, 1530547704.9853516, 1530547706.4888816, 1530547709.3862424, 1530547710.810142, 1530547713.316339, 1530547714.837687, 1530547717.8974354, 1530547719.6840832, 1530547722.8383074, 1530547725.3897772, 1530547725.5647435, 1530547728.577603, 1530547731.3515947, 1530547732.9888408, 1530547735.5247376, 1530547737.0376697, 1530547739.959384, 1530547742.5384681, 1530547744.2990637, 1530547746.7294145, 1530547749.600163, 1530547751.5080044, 1530547754.4972718, 1530547756.1586752, 1530547758.644388, 1530547761.442088, 1530547762.8470466, 1530547764.2489974, 1530547766.6846085, 1530547769.0972931, 1530547770.4392018, 1530547772.8310893, 1530547774.390207, 1530547776.8281658, 1530547778.653004, 1530547781.873267, 1530547784.2172785, 1530547785.635604, 1530547788.598953, 1530547790.1099088, 1530547792.898602, 1530547795.814734, 1530547797.4475663, 1530547799.6239686, 1530547801.1174295, 1530547803.9700084, 1530547806.3450031, 1530547807.7302551, 1530547810.1706297, 1530547811.520232, 1530547813.788163, 1530547816.0942612, 1530547817.528817, 1530547820.032108, 1530547821.450628, 1530547823.854575, 1530547826.5626583, 1530547828.4781203, 1530547830.954325], "episode_lengths": [27, 18, 43, 39, 68, 36, 67, 72, 11, 12, 76, 166, 200, 191, 136, 178, 200, 200, 181, 175, 200, 200, 200, 200, 80, 200, 200, 200, 200, 200, 200, 200, 200, 104, 200, 200, 200, 200, 198, 200, 157, 200, 200, 200, 200, 200, 200, 185, 200, 200, 200, 200, 200, 200, 200, 200, 200, 200, 200, 200, 200, 200, 200, 200, 200, 200, 200, 200, 200, 200, 200, 200, 200]}