{"initial_reset_timestamp": 1530547690.4923658, "episode_rewards": [15.0, 29.0, 15.0, 19.0, 15.0, 22.0, 18.0, 11.0, 14.0, 52.0, 22.0, 19.0, 13.0, 42.0, 12.0, 54.0, 80.0, 14.0, 99.0, 88.0, 200.0, 167.0, 200.0, 200.0, 125.0, 200.0, 200.0, 200.0, 133.0, 200.0, 200.0, 200.0, 200.0, 200.0, 200.0, 200.0, 200.0, 200.0, 200.0, 200.0, 200.0, 200.0, 200.0, 200.0, 200.0, 200.0, 200.0, 200.0, 200.0, 200.0, 200.0, 200.0, 200.0, 200.0, 200.0, 200.0, 200.0, 52.0, 200.0, 200.0, 200.0, 200.0, 200.0, 200.0, 200.0, 200.0, 200.0, 200.0, 200.0, 200.0, 200.0, 200.0, 200.0, 200.0, 200.0, 200.0, 200.0, 200.0, 200.0, 200.0], "episode_types": ["t", "t", "t", "t", "t", "t", "t", "t", "t", "t", "t", "t", "t", "t", "t", "t", "t", "t", "t", "t", "t", "t", "t", "t", "t", "t", "t", "t", "t", "t", "t", "t", "t", "t", "t", "t", "t", "t", "t", "t", "t", "t", "t", "t", "t", "t", "t", "t", "t", "t", "t", "t", "t", "t", "t", "t", "t", "t", "t", "t", "t", "t", "t", "t", "t", "t", "t", "t", "t", "t", "t", "t", "t", "t", "t", "t", "t", "t", "t", "t", "t"], "timestamps": [1530547690.5542321, 1530547690.7777457, 1530547690.8697827, 1530547690.991332, 1530547691.112735, 1530547691.24247, 1530547692.4697242, 1530547692.5642228, 1530547692.6381109, 1530547692.9454725, 1530547693.0866914, 1530547694.2239296, 1530547694.301724, 1530547694.471523, 1530547694.5196185, 1530547694.7829413, 1530547696.6417153, 1530547696.6964922, 1530547697.9306178, 1530547699.3720653, 1530547700.8959498, 1530547703.4281645, 1530547705.1047409, 1530547707.9561129, 1530547709.404634, 1530547710.8276556, 1530547713.3701797, 1530547716.5111077, 1530547717.8569946, 1530547719.6535249, 1530547722.8068974, 1530547725.35396, 1530547727.0234659, 1530547730.0018, 1530547731.668336, 1530547734.2299094, 1530547736.8598242, 1530547738.594039, 1530547741.3017666, 1530547742.8528771, 1530547746.7142646, 1530547749.5878491, 1530547751.495504, 1530547754.4872115, 1530547756.1464071, 1530547758.6528785, 1530547761.449596, 1530547762.95479, 1530547765.3449008, 1530547766.7815044, 1530547769.1849399, 1530547771.5209994, 1530547772.9338772, 1530547775.4628806, 1530547776.9951518, 1530547780.3196964, 1530547782.9349685, 1530547783.0396829, 1530547785.4434247, 1530547787.3294325, 1530547789.9096422, 1530547791.3177764, 1530547794.3880732, 1530547797.2406971, 1530547798.569169, 1530547800.9055004, 1530547802.608069, 1530547805.1332693, 1530547807.5248399, 1530547809.0763016, 1530547811.3727925, 1530547812.6409364, 1530547814.9246466, 1530547817.3180726, 1530547818.874319, 1530547821.262691, 1530547822.733091, 1530547825.0867481, 1530547828.283426, 1530547829.7455437], "episode_lengths": [15, 29, 15, 19, 15, 22, 18, 11, 14, 52, 22, 19, 13, 42, 12, 54, 80, 14, 99, 88, 200, 167, 200, 200, 125, 200, 200, 200, 133, 200, 200, 200, 200, 200, 200, 200, 200, 200, 200, 200, 200, 200, 200, 200, 200, 200, 200, 200, 200, 200, 200, 200, 200, 200, 200, 200, 200, 52, 200, 200, 200, 200, 200, 200, 200, 200, 200, 200, 200, 200, 200, 200, 200, 200, 200, 200, 200, 200, 200, 200]}