{"initial_reset_timestamp": 1530547690.39514, "episode_rewards": [31.0, 16.0, 29.0, 14.0, 31.0, 13.0, 25.0, 58.0, 20.0, 17.0, 87.0, 23.0, 28.0, 44.0, 109.0, 86.0, 109.0, 157.0, 159.0, 200.0, 200.0, 200.0, 200.0, 200.0, 200.0, 200.0, 200.0, 200.0, 200.0, 200.0, 200.0, 200.0, 200.0, 200.0, 200.0, 200.0, 200.0, 200.0, 200.0, 200.0, 200.0, 200.0, 200.0, 200.0, 200.0, 200.0, 190.0, 200.0, 200.0, 200.0, 187.0, 200.0, 200.0, 200.0, 200.0, 200.0, 200.0, 200.0, 200.0, 200.0, 200.0, 200.0, 200.0, 200.0, 200.0, 200.0, 200.0, 200.0, 200.0, 200.0, 200.0, 200.0, 200.0, 200.0, 200.0, 200.0], "episode_types": ["t", "t", "t", "t", "t", "t", "t", "t", "t", "t", "t", "t", "t", "t", "t", "t", "t", "t", "t", "t", "t", "t", "t", "t", "t", "t", "t", "t", "t", "t", "t", "t", "t", "t", "t", "t", "t", "t", "t", "t", "t", "t", "t", "t", "t", "t", "t", "t", "t", "t", "t", "t", "t", "t", "t", "t", "t", "t", "t", "t", "t", "t", "t", "t", "t", "t", "t", "t", "t", "t", "t", "t", "t", "t", "t", "t", "t"], "timestamps": [1530547690.6820486, 1530547690.804661, 1530547690.962411, 1530547691.0672064, 1530547691.2915606, 1530547692.4800797, 1530547692.6527023, 1530547692.9823835, 1530547693.1197195, 1530547694.2510889, 1530547694.6118534, 1530547694.7169313, 1530547696.4293258, 1530547696.5734246, 1530547697.8841834, 1530547699.2976801, 1530547699.569843, 1530547702.1913683, 1530547703.5546968, 1530547706.3006427, 1530547708.0595186, 1530547710.6127532, 1530547712.15894, 1530547714.7440543, 1530547717.7937322, 1530547719.6109943, 1530547722.74923, 1530547724.2778997, 1530547726.9490309, 1530547729.9368463, 1530547731.593003, 1530547734.185841, 1530547735.7127206, 1530547738.5473878, 1530547741.2506483, 1530547742.8019202, 1530547746.652041, 1530547748.4387934, 1530547751.4524078, 1530547754.433641, 1530547756.1023672, 1530547758.5927708, 1530547760.3926272, 1530547762.9040942, 1530547765.2962651, 1530547766.7443876, 1530547769.1266747, 1530547770.4750223, 1530547772.8639162, 1530547774.418766, 1530547776.9158325, 1530547780.218696, 1530547781.9267204, 1530547784.273393, 1530547785.693254, 1530547788.6556556, 1530547791.1111085, 1530547792.957054, 1530547795.8711312, 1530547797.5087757, 1530547799.678758, 1530547802.4076726, 1530547804.0296962, 1530547806.3995624, 1530547807.825487, 1530547810.2182763, 1530547812.491259, 1530547813.8451462, 1530547816.1523504, 1530547817.589948, 1530547820.093737, 1530547822.46488, 1530547823.906477, 1530547826.6371944, 1530547828.5398636, 1530547831.0091386], "episode_lengths": [31, 16, 29, 14, 31, 13, 25, 58, 20, 17, 87, 23, 28, 44, 109, 86, 109, 157, 159, 200, 200, 200, 200, 200, 200, 200, 200, 200, 200, 200, 200, 200, 200, 200, 200, 200, 200, 200, 200, 200, 200, 200, 200, 200, 200, 200, 190, 200, 200, 200, 187, 200, 200, 200, 200, 200, 200, 200, 200, 200, 200, 200, 200, 200, 200, 200, 200, 200, 200, 200, 200, 200, 200, 200, 200, 200]}