{"initial_reset_timestamp": 1530547690.370334, "episode_rewards": [19.0, 46.0, 15.0, 12.0, 20.0, 23.0, 11.0, 22.0, 12.0, 29.0, 20.0, 26.0, 27.0, 48.0, 15.0, 88.0, 84.0, 120.0, 177.0, 200.0, 200.0, 200.0, 78.0, 122.0, 133.0, 200.0, 200.0, 180.0, 200.0, 200.0, 200.0, 200.0, 200.0, 200.0, 200.0, 200.0, 200.0, 200.0, 200.0, 200.0, 200.0, 200.0, 200.0, 200.0, 200.0, 200.0, 200.0, 200.0, 200.0, 200.0, 200.0, 200.0, 200.0, 200.0, 200.0, 200.0, 200.0, 200.0, 200.0, 200.0, 200.0, 200.0, 200.0, 200.0, 200.0, 200.0, 200.0, 200.0, 200.0, 200.0, 200.0, 200.0, 200.0, 200.0, 200.0, 200.0, 200.0, 200.0], "episode_types": ["t", "t", "t", "t", "t", "t", "t", "t", "t", "t", "t", "t", "t", "t", "t", "t", "t", "t", "t", "t", "t", "t", "t", "t", "t", "t", "t", "t", "t", "t", "t", "t", "t", "t", "t", "t", "t", "t", "t", "t", "t", "t", "t", "t", "t", "t", "t", "t", "t", "t", "t", "t", "t", "t", "t", "t", "t", "t", "t", "t", "t", "t", "t", "t", "t", "t", "t", "t", "t", "t", "t", "t", "t", "t", "t", "t", "t", "t", "t"], "timestamps": [1530547690.5987096, 1530547690.9036927, 1530547691.0086188, 1530547691.0904188, 1530547691.1958716, 1530547692.4882345, 1530547692.5766199, 1530547692.7054653, 1530547692.762168, 1530547692.936278, 1530547693.0370529, 1530547694.2653918, 1530547694.3772724, 1530547694.5727441, 1530547694.6429584, 1530547696.5610425, 1530547697.814523, 1530547699.3316603, 1530547700.753246, 1530547703.3906925, 1530547705.070874, 1530547707.9217603, 1530547708.1304998, 1530547709.5464575, 1530547710.843581, 1530547713.3818731, 1530547716.5261834, 1530547717.9631536, 1530547721.077733, 1530547722.906796, 1530547725.4686327, 1530547728.477352, 1530547730.110205, 1530547732.8749192, 1530547734.3128245, 1530547736.9508624, 1530547739.8401484, 1530547741.4006252, 1530547744.2034004, 1530547746.8288822, 1530547749.6981294, 1530547752.957613, 1530547754.608917, 1530547757.3346493, 1530547758.7491271, 1530547761.550826, 1530547764.0074685, 1530547765.4436913, 1530547767.8321223, 1530547769.2615716, 1530547771.609068, 1530547774.1458452, 1530547775.558708, 1530547778.4413025, 1530547780.4148252, 1530547783.0220947, 1530547785.4298763, 1530547787.3168566, 1530547789.8947341, 1530547791.3040264, 1530547794.3707104, 1530547797.2264578, 1530547798.557574, 1530547800.8877, 1530547802.5935192, 1530547805.1212173, 1530547807.5097096, 1530547809.0648468, 1530547811.3616567, 1530547812.6302674, 1530547814.9119034, 1530547817.3039536, 1530547818.8624167, 1530547821.24995, 1530547822.718993, 1530547825.0726552, 1530547828.2694726, 1530547829.7296379], "episode_lengths": [19, 46, 15, 12, 20, 23, 11, 22, 12, 29, 20, 26, 27, 48, 15, 88, 84, 120, 177, 200, 200, 200, 78, 122, 133, 200, 200, 180, 200, 200, 200, 200, 200, 200, 200, 200, 200, 200, 200, 200, 200, 200, 200, 200, 200, 200, 200, 200, 200, 200, 200, 200, 200, 200, 200, 200, 200, 200, 200, 200, 200, 200, 200, 200, 200, 200, 200, 200, 200, 200, 200, 200, 200, 200, 200, 200, 200, 200]}