{"initial_reset_timestamp": 1530547690.373444, "episode_rewards": [27.0, 44.0, 15.0, 29.0, 10.0, 27.0, 15.0, 22.0, 13.0, 12.0, 17.0, 18.0, 31.0, 26.0, 104.0, 92.0, 163.0, 193.0, 200.0, 152.0, 200.0, 69.0, 184.0, 184.0, 200.0, 195.0, 200.0, 200.0, 200.0, 200.0, 200.0, 200.0, 200.0, 200.0, 200.0, 200.0, 200.0, 200.0, 200.0, 200.0, 200.0, 200.0, 200.0, 200.0, 200.0, 200.0, 200.0, 187.0, 200.0, 200.0, 200.0, 200.0, 200.0, 200.0, 200.0, 200.0, 200.0, 200.0, 200.0, 200.0, 200.0, 200.0, 200.0, 200.0, 200.0, 200.0, 200.0, 200.0, 200.0, 200.0, 200.0, 200.0, 200.0, 200.0, 200.0, 200.0, 200.0], "episode_types": ["t", "t", "t", "t", "t", "t", "t", "t", "t", "t", "t", "t", "t", "t", "t", "t", "t", "t", "t", "t", "t", "t", "t", "t", "t", "t", "t", "t", "t", "t", "t", "t", "t", "t", "t", "t", "t", "t", "t", "t", "t", "t", "t", "t", "t", "t", "t", "t", "t", "t", "t", "t", "t", "t", "t", "t", "t", "t", "t", "t", "t", "t", "t", "t", "t", "t", "t", "t", "t", "t", "t", "t", "t", "t", "t", "t", "t", "t"], "timestamps": [1530547690.639095, 1530547690.926908, 1530547691.0386686, 1530547691.2223613, 1530547691.3291237, 1530547692.619743, 1530547692.6870773, 1530547692.8199534, 1530547692.8877628, 1530547692.9688196, 1530547693.0658622, 1530547693.1770585, 1530547694.35877, 1530547694.4627247, 1530547696.501941, 1530547697.770779, 1530547699.4028275, 1530547700.918096, 1530547703.5759132, 1530547705.0585327, 1530547707.9031436, 1530547708.106173, 1530547710.633838, 1530547712.1295495, 1530547714.7019925, 1530547716.697805, 1530547719.579046, 1530547722.711895, 1530547724.2334936, 1530547726.893241, 1530547728.7620933, 1530547731.530119, 1530547734.1525702, 1530547735.6733403, 1530547738.5090394, 1530547740.183359, 1530547742.7553062, 1530547746.6063673, 1530547748.3896208, 1530547751.4146318, 1530547753.2333918, 1530547756.067429, 1530547758.5527308, 1530547760.3544858, 1530547762.8647377, 1530547764.2675154, 1530547766.7106102, 1530547769.064457, 1530547770.4132266, 1530547772.7956595, 1530547774.360497, 1530547776.8972604, 1530547780.1983328, 1530547781.910613, 1530547784.255344, 1530547785.6743536, 1530547788.6394486, 1530547791.0942476, 1530547792.939347, 1530547795.8553693, 1530547797.494182, 1530547799.6637397, 1530547802.3917418, 1530547804.0129752, 1530547806.384781, 1530547807.7975843, 1530547810.206489, 1530547812.473791, 1530547813.823779, 1530547816.1322238, 1530547817.5689764, 1530547820.0736558, 1530547822.446787, 1530547823.8868124, 1530547826.6160357, 1530547828.5194046, 1530547830.9928813], "episode_lengths": [27, 44, 15, 29, 10, 27, 15, 22, 13, 12, 17, 18, 31, 26, 104, 92, 163, 193, 200, 152, 200, 69, 184, 184, 200, 195, 200, 200, 200, 200, 200, 200, 200, 200, 200, 200, 200, 200, 200, 200, 200, 200, 200, 200, 200, 200, 200, 187, 200, 200, 200, 200, 200, 200, 200, 200, 200, 200, 200, 200, 200, 200, 200, 200, 200, 200, 200, 200, 200, 200, 200, 200, 200, 200, 200, 200, 200]}