{"initial_reset_timestamp": 1530547690.4622972, "episode_rewards": [81.0, 42.0, 35.0, 46.0, 27.0, 21.0, 63.0, 59.0, 30.0, 40.0, 173.0, 200.0, 200.0, 144.0, 123.0, 86.0, 200.0, 200.0, 83.0, 200.0, 200.0, 200.0, 200.0, 200.0, 200.0, 200.0, 200.0, 200.0, 200.0, 200.0, 200.0, 200.0, 200.0, 200.0, 200.0, 200.0, 200.0, 200.0, 200.0, 200.0, 200.0, 200.0, 200.0, 200.0, 200.0, 200.0, 181.0, 200.0, 200.0, 200.0, 200.0, 200.0, 200.0, 200.0, 200.0, 200.0, 200.0, 200.0, 200.0, 200.0, 200.0, 200.0, 195.0, 200.0, 200.0, 200.0, 200.0, 200.0, 200.0, 200.0, 200.0, 200.0], "episode_types": ["t", "t", "t", "t", "t", "t", "t", "t", "t", "t", "t", "t", "t", "t", "t", "t", "t", "t", "t", "t", "t", "t", "t", "t", "t", "t", "t", "t", "t", "t", "t", "t", "t", "t", "t", "t", "t", "t", "t", "t", "t", "t", "t", "t", "t", "t", "t", "t", "t", "t", "t", "t", "t", "t", "t", "t", "t", "t", "t", "t", "t", "t", "t", "t", "t", "t", "t", "t", "t", "t", "t", "t", "t"], "timestamps": [1530547691.0217407, 1530547691.3105583, 1530547692.6373603, 1530547692.909934, 1530547693.053714, 1530547694.2337108, 1530547694.5066223, 1530547694.7944155, 1530547696.4691737, 1530547696.6028836, 1530547698.095573, 1530547700.7920644, 1530547703.411686, 1530547704.973013, 1530547706.366969, 1530547706.5345852, 1530547709.4574928, 1530547711.9360173, 1530547712.147314, 1530547714.7240257, 1530547717.7796671, 1530547719.5995886, 1530547722.7344563, 1530547724.2640133, 1530547726.932214, 1530547729.9198773, 1530547731.5701451, 1530547734.1750486, 1530547735.7002213, 1530547738.536249, 1530547741.2372448, 1530547742.786952, 1530547746.6361356, 1530547748.4205117, 1530547751.4394825, 1530547754.419212, 1530547756.089987, 1530547758.579143, 1530547760.377608, 1530547762.889022, 1530547765.283718, 1530547766.7342641, 1530547769.1432936, 1530547770.4981291, 1530547772.883311, 1530547775.4261985, 1530547776.9277196, 1530547780.2326937, 1530547781.9352167, 1530547784.2842505, 1530547785.7042508, 1530547788.6676831, 1530547791.1205919, 1530547792.9668221, 1530547795.8802817, 1530547797.5259743, 1530547799.6884112, 1530547802.416394, 1530547804.0392241, 1530547806.4095259, 1530547807.8450506, 1530547810.2278798, 1530547812.4739518, 1530547813.824392, 1530547816.1329224, 1530547817.5699375, 1530547820.0741632, 1530547822.4474018, 1530547823.886916, 1530547826.616742, 1530547828.5200584, 1530547830.9929454], "episode_lengths": [81, 42, 35, 46, 27, 21, 63, 59, 30, 40, 173, 200, 200, 144, 123, 86, 200, 200, 83, 200, 200, 200, 200, 200, 200, 200, 200, 200, 200, 200, 200, 200, 200, 200, 200, 200, 200, 200, 200, 200, 200, 200, 200, 200, 200, 200, 181, 200, 200, 200, 200, 200, 200, 200, 200, 200, 200, 200, 200, 200, 200, 200, 195, 200, 200, 200, 200, 200, 200, 200, 200, 200]}