{"initial_reset_timestamp": 1530547690.3850615, "episode_rewards": [35.0, 9.0, 25.0, 20.0, 26.0, 27.0, 39.0, 24.0, 24.0, 22.0, 99.0, 72.0, 36.0, 43.0, 80.0, 13.0, 62.0, 200.0, 56.0, 200.0, 106.0, 101.0, 199.0, 160.0, 200.0, 200.0, 200.0, 200.0, 200.0, 200.0, 200.0, 200.0, 200.0, 200.0, 200.0, 200.0, 200.0, 200.0, 200.0, 200.0, 200.0, 200.0, 200.0, 200.0, 200.0, 200.0, 200.0, 159.0, 200.0, 200.0, 178.0, 200.0, 200.0, 200.0, 200.0, 200.0, 200.0, 200.0, 200.0, 200.0, 200.0, 200.0, 200.0, 200.0, 200.0, 200.0, 200.0, 200.0, 200.0, 200.0, 200.0, 200.0, 200.0, 200.0, 200.0, 200.0, 200.0, 200.0], "episode_types": ["t", "t", "t", "t", "t", "t", "t", "t", "t", "t", "t", "t", "t", "t", "t", "t", "t", "t", "t", "t", "t", "t", "t", "t", "t", "t", "t", "t", "t", "t", "t", "t", "t", "t", "t", "t", "t", "t", "t", "t", "t", "t", "t", "t", "t", "t", "t", "t", "t", "t", "t", "t", "t", "t", "t", "t", "t", "t", "t", "t", "t", "t", "t", "t", "t", "t", "t", "t", "t", "t", "t", "t", "t", "t", "t", "t", "t", "t", "t"], "timestamps": [1530547690.7117054, 1530547690.7645435, 1530547690.9157848, 1530547691.057304, 1530547691.22952, 1530547692.528732, 1530547692.7711287, 1530547692.9192934, 1530547693.0370626, 1530547694.2128224, 1530547694.6651607, 1530547696.538555, 1530547696.6585913, 1530547697.760338, 1530547697.991801, 1530547698.0415092, 1530547699.3829947, 1530547700.9088063, 1530547702.2176166, 1530547703.6856065, 1530547705.0942934, 1530547706.4457505, 1530547709.333031, 1530547710.6769104, 1530547713.2339425, 1530547714.805859, 1530547717.8438516, 1530547719.6461751, 1530547722.7978642, 1530547725.343833, 1530547727.0117235, 1530547729.9933593, 1530547731.65686, 1530547734.2173233, 1530547736.8497727, 1530547738.5857387, 1530547741.2931418, 1530547742.842707, 1530547746.7050936, 1530547749.5758488, 1530547751.4859333, 1530547754.4776607, 1530547756.1374831, 1530547758.635636, 1530547761.434344, 1530547762.9473674, 1530547765.3360572, 1530547766.6993396, 1530547769.1085613, 1530547770.4547617, 1530547772.7541912, 1530547774.3206732, 1530547776.7936404, 1530547778.6349542, 1530547781.8583825, 1530547784.2013524, 1530547785.6164513, 1530547788.5773995, 1530547790.0886686, 1530547792.882456, 1530547795.7912028, 1530547797.4305987, 1530547799.607873, 1530547801.1003761, 1530547803.952624, 1530547806.3287077, 1530547807.6993968, 1530547810.1581082, 1530547811.5057597, 1530547813.7697904, 1530547816.0778403, 1530547817.5086825, 1530547820.0159278, 1530547821.4339294, 1530547823.8403156, 1530547826.543273, 1530547828.4606476, 1530547830.940758], "episode_lengths": [35, 9, 25, 20, 26, 27, 39, 24, 24, 22, 99, 72, 36, 43, 80, 13, 62, 200, 56, 200, 106, 101, 199, 160, 200, 200, 200, 200, 200, 200, 200, 200, 200, 200, 200, 200, 200, 200, 200, 200, 200, 200, 200, 200, 200, 200, 200, 159, 200, 200, 178, 200, 200, 200, 200, 200, 200, 200, 200, 200, 200, 200, 200, 200, 200, 200, 200, 200, 200, 200, 200, 200, 200, 200, 200, 200, 200, 200]}