{"initial_reset_timestamp": 1530547690.4773083, "episode_rewards": [24.0, 14.0, 37.0, 22.0, 18.0, 15.0, 53.0, 16.0, 22.0, 22.0, 11.0, 81.0, 29.0, 32.0, 111.0, 62.0, 15.0, 93.0, 193.0, 176.0, 200.0, 200.0, 200.0, 184.0, 161.0, 200.0, 200.0, 200.0, 200.0, 200.0, 200.0, 200.0, 200.0, 200.0, 200.0, 200.0, 200.0, 200.0, 200.0, 200.0, 200.0, 200.0, 200.0, 200.0, 200.0, 164.0, 200.0, 200.0, 200.0, 200.0, 200.0, 200.0, 200.0, 200.0, 200.0, 200.0, 200.0, 200.0, 200.0, 200.0, 200.0, 200.0, 200.0, 200.0, 200.0, 200.0, 200.0, 200.0, 200.0, 200.0, 200.0, 200.0, 200.0, 200.0, 200.0, 200.0, 200.0], "episode_types": ["t", "t", "t", "t", "t", "t", "t", "t", "t", "t", "t", "t", "t", "t", "t", "t", "t", "t", "t", "t", "t", "t", "t", "t", "t", "t", "t", "t", "t", "t", "t", "t", "t", "t", "t", "t", "t", "t", "t", "t", "t", "t", "t", "t", "t", "t", "t", "t", "t", "t", "t", "t", "t", "t", "t", "t", "t", "t", "t", "t", "t", "t", "t", "t", "t", "t", "t", "t", "t", "t", "t", "t", "t", "t", "t", "t", "t", "t"], "timestamps": [1530547690.618981, 1530547690.7363539, 1530547690.9521828, 1530547691.1248353, 1530547691.2350495, 1530547692.4447236, 1530547692.786632, 1530547692.8720539, 1530547692.9945524, 1530547693.152076, 1530547694.2511237, 1530547694.5870836, 1530547694.728254, 1530547696.4496253, 1530547697.7906651, 1530547697.9441686, 1530547698.0077252, 1530547699.4315996, 1530547700.9425461, 1530547703.513877, 1530547705.1595898, 1530547708.0245662, 1530547710.5845516, 1530547712.094498, 1530547713.4741662, 1530547716.6066098, 1530547719.47216, 1530547721.2229726, 1530547724.1041024, 1530547725.6044009, 1530547728.618417, 1530547731.3910851, 1530547733.0269125, 1530547735.5669506, 1530547737.0894606, 1530547740.0202117, 1530547742.611349, 1530547744.3415174, 1530547748.2627058, 1530547749.8022227, 1530547753.0848603, 1530547755.9650939, 1530547757.4683368, 1530547760.2398832, 1530547761.6905918, 1530547764.0744731, 1530547765.5073314, 1530547767.8777366, 1530547770.2826161, 1530547771.6649466, 1530547774.2049208, 1530547775.6145232, 1530547778.5068161, 1530547781.7534275, 1530547783.0878274, 1530547785.4941826, 1530547787.3918734, 1530547789.9686077, 1530547792.7442424, 1530547794.4451935, 1530547797.300778, 1530547798.622925, 1530547800.955781, 1530547803.8265424, 1530547805.172186, 1530547807.561632, 1530547809.1126883, 1530547811.4066734, 1530547813.6402044, 1530547814.9604697, 1530547817.3628094, 1530547818.9101324, 1530547821.3116908, 1530547823.739272, 1530547825.131231, 1530547828.3372054, 1530547829.789708], "episode_lengths": [24, 14, 37, 22, 18, 15, 53, 16, 22, 22, 11, 81, 29, 32, 111, 62, 15, 93, 193, 176, 200, 200, 200, 184, 161, 200, 200, 200, 200, 200, 200, 200, 200, 200, 200, 200, 200, 200, 200, 200, 200, 200, 200, 200, 200, 164, 200, 200, 200, 200, 200, 200, 200, 200, 200, 200, 200, 200, 200, 200, 200, 200, 200, 200, 200, 200, 200, 200, 200, 200, 200, 200, 200, 200, 200, 200, 200]}