{"initial_reset_timestamp": 1530547690.4600205, "episode_rewards": [27.0, 21.0, 42.0, 36.0, 18.0, 20.0, 22.0, 38.0, 51.0, 11.0, 43.0, 35.0, 40.0, 200.0, 24.0, 93.0, 100.0, 192.0, 133.0, 156.0, 153.0, 186.0, 180.0, 200.0, 200.0, 200.0, 200.0, 200.0, 200.0, 200.0, 200.0, 200.0, 200.0, 200.0, 200.0, 200.0, 200.0, 200.0, 200.0, 200.0, 200.0, 200.0, 200.0, 200.0, 200.0, 200.0, 200.0, 200.0, 200.0, 200.0, 200.0, 200.0, 200.0, 200.0, 200.0, 200.0, 200.0, 200.0, 200.0, 200.0, 200.0, 200.0, 200.0, 200.0, 200.0, 200.0, 200.0, 200.0, 200.0, 200.0, 200.0, 200.0, 200.0, 200.0, 200.0, 200.0], "episode_types": ["t", "t", "t", "t", "t", "t", "t", "t", "t", "t", "t", "t", "t", "t", "t", "t", "t", "t", "t", "t", "t", "t", "t", "t", "t", "t", "t", "t", "t", "t", "t", "t", "t", "t", "t", "t", "t", "t", "t", "t", "t", "t", "t", "t", "t", "t", "t", "t", "t", "t", "t", "t", "t", "t", "t", "t", "t", "t", "t", "t", "t", "t", "t", "t", "t", "t", "t", "t", "t", "t", "t", "t", "t", "t", "t", "t", "t"], "timestamps": [1530547690.6592813, 1530547690.8139193, 1530547691.080763, 1530547692.3976166, 1530547692.5524638, 1530547692.670111, 1530547692.8069422, 1530547693.0171034, 1530547694.3389993, 1530547694.3903043, 1530547694.5625253, 1530547694.7169569, 1530547696.4691572, 1530547698.0620127, 1530547699.281445, 1530547699.5333333, 1530547700.8047209, 1530547703.3819637, 1530547704.9349577, 1530547706.4041111, 1530547708.0469258, 1530547710.5674787, 1530547712.0458767, 1530547714.6021025, 1530547716.6556337, 1530547719.535443, 1530547721.2981207, 1530547724.1693852, 1530547726.826834, 1530547728.6911798, 1530547731.4727032, 1530547733.0880122, 1530547735.630832, 1530547738.4381032, 1530547740.1186554, 1530547742.6976132, 1530547744.4148932, 1530547748.3350508, 1530547751.3531947, 1530547753.17025, 1530547756.0245895, 1530547757.5428367, 1530547760.3086944, 1530547762.797474, 1530547764.2110028, 1530547766.6442995, 1530547768.0132809, 1530547770.3939097, 1530547772.77348, 1530547774.338126, 1530547776.8483334, 1530547778.666404, 1530547781.883256, 1530547784.2270985, 1530547785.6457424, 1530547788.6110837, 1530547790.1203997, 1530547792.9093175, 1530547795.82716, 1530547797.458198, 1530547799.6338966, 1530547801.1275434, 1530547803.9819233, 1530547806.3553734, 1530547807.7459726, 1530547810.179683, 1530547811.529184, 1530547813.7976882, 1530547816.1044235, 1530547817.5397675, 1530547820.0433564, 1530547821.4605324, 1530547823.8634164, 1530547826.574136, 1530547828.4889514, 1530547830.9634273], "episode_lengths": [27, 21, 42, 36, 18, 20, 22, 38, 51, 11, 43, 35, 40, 200, 24, 93, 100, 192, 133, 156, 153, 186, 180, 200, 200, 200, 200, 200, 200, 200, 200, 200, 200, 200, 200, 200, 200, 200, 200, 200, 200, 200, 200, 200, 200, 200, 200, 200, 200, 200, 200, 200, 200, 200, 200, 200, 200, 200, 200, 200, 200, 200, 200, 200, 200, 200, 200, 200, 200, 200, 200, 200, 200, 200, 200, 200]}