{"initial_reset_timestamp": 1530547690.383735, "episode_rewards": [18.0, 25.0, 13.0, 21.0, 20.0, 15.0, 39.0, 13.0, 17.0, 18.0, 24.0, 82.0, 37.0, 21.0, 83.0, 109.0, 160.0, 200.0, 200.0, 200.0, 200.0, 110.0, 200.0, 181.0, 200.0, 200.0, 200.0, 200.0, 200.0, 200.0, 200.0, 200.0, 200.0, 200.0, 200.0, 200.0, 200.0, 200.0, 200.0, 200.0, 200.0, 200.0, 200.0, 200.0, 190.0, 200.0, 200.0, 200.0, 200.0, 200.0, 200.0, 200.0, 200.0, 190.0, 200.0, 75.0, 177.0, 200.0, 200.0, 200.0, 200.0, 200.0, 200.0, 200.0, 200.0, 200.0, 200.0, 200.0, 200.0, 200.0, 200.0, 200.0, 200.0, 200.0, 200.0, 200.0, 200.0], "episode_types": ["t", "t", "t", "t", "t", "t", "t", "t", "t", "t", "t", "t", "t", "t", "t", "t", "t", "t", "t", "t", "t", "t", "t", "t", "t", "t", "t", "t", "t", "t", "t", "t", "t", "t", "t", "t", "t", "t", "t", "t", "t", "t", "t", "t", "t", "t", "t", "t", "t", "t", "t", "t", "t", "t", "t", "t", "t", "t", "t", "t", "t", "t", "t", "t", "t", "t", "t", "t", "t", "t", "t", "t", "t", "t", "t", "t", "t", "t"], "timestamps": [1530547690.5759306, 1530547690.7498918, 1530547690.8475325, 1530547690.9728115, 1530547691.1248033, 1530547691.2030265, 1530547692.609308, 1530547692.6700652, 1530547692.7710958, 1530547692.8719802, 1530547693.00883, 1530547694.4528298, 1530547694.6221287, 1530547694.707833, 1530547696.614388, 1530547697.911193, 1530547699.5183687, 1530547702.2295349, 1530547703.7003124, 1530547706.4316058, 1530547709.3169897, 1530547709.5689926, 1530547712.0628285, 1530547714.5449774, 1530547716.63051, 1530547719.496453, 1530547721.2564943, 1530547724.1335912, 1530547726.782996, 1530547728.64845, 1530547731.420793, 1530547733.0528185, 1530547735.5954041, 1530547738.388854, 1530547740.0636065, 1530547742.6526196, 1530547744.37305, 1530547748.293275, 1530547751.3115597, 1530547753.119015, 1530547755.9895306, 1530547757.5003178, 1530547760.2689016, 1530547762.7558405, 1530547764.1560903, 1530547766.6008098, 1530547767.9624186, 1530547770.3558242, 1530547771.7428067, 1530547774.286621, 1530547776.7402725, 1530547778.5983927, 1530547781.8296843, 1530547783.1441634, 1530547785.5605264, 1530547787.1834104, 1530547788.683212, 1530547791.1370237, 1530547792.9816372, 1530547795.8919084, 1530547797.5450249, 1530547799.7043734, 1530547802.4312572, 1530547804.0533798, 1530547806.421736, 1530547807.8743536, 1530547810.2392418, 1530547812.5069652, 1530547813.8623214, 1530547816.1697874, 1530547817.6063874, 1530547820.1102066, 1530547822.481862, 1530547823.9215333, 1530547826.652856, 1530547828.557433, 1530547831.0219946], "episode_lengths": [18, 25, 13, 21, 20, 15, 39, 13, 17, 18, 24, 82, 37, 21, 83, 109, 160, 200, 200, 200, 200, 110, 200, 181, 200, 200, 200, 200, 200, 200, 200, 200, 200, 200, 200, 200, 200, 200, 200, 200, 200, 200, 200, 200, 190, 200, 200, 200, 200, 200, 200, 200, 200, 190, 200, 75, 177, 200, 200, 200, 200, 200, 200, 200, 200, 200, 200, 200, 200, 200, 200, 200, 200, 200, 200, 200, 200]}