{"initial_reset_timestamp": 1530547690.477339, "episode_rewards": [29.0, 17.0, 46.0, 13.0, 16.0, 10.0, 15.0, 27.0, 22.0, 50.0, 50.0, 26.0, 28.0, 34.0, 77.0, 109.0, 124.0, 156.0, 200.0, 200.0, 125.0, 200.0, 151.0, 200.0, 200.0, 200.0, 200.0, 200.0, 200.0, 200.0, 200.0, 200.0, 200.0, 200.0, 200.0, 200.0, 200.0, 200.0, 200.0, 200.0, 200.0, 200.0, 200.0, 200.0, 200.0, 200.0, 200.0, 200.0, 200.0, 200.0, 200.0, 200.0, 200.0, 200.0, 200.0, 200.0, 200.0, 200.0, 200.0, 200.0, 200.0, 200.0, 200.0, 200.0, 200.0, 165.0, 200.0, 200.0, 200.0, 200.0, 200.0, 200.0, 200.0, 200.0, 200.0, 200.0, 200.0], "episode_types": ["t", "t", "t", "t", "t", "t", "t", "t", "t", "t", "t", "t", "t", "t", "t", "t", "t", "t", "t", "t", "t", "t", "t", "t", "t", "t", "t", "t", "t", "t", "t", "t", "t", "t", "t", "t", "t", "t", "t", "t", "t", "t", "t", "t", "t", "t", "t", "t", "t", "t", "t", "t", "t", "t", "t", "t", "t", "t", "t", "t", "t", "t", "t", "t", "t", "t", "t", "t", "t", "t", "t", "t", "t", "t", "t", "t", "t", "t"], "timestamps": [1530547690.6707451, 1530547690.7937536, 1530547691.1038113, 1530547691.1667333, 1530547691.300392, 1530547692.454679, 1530547692.5858247, 1530547692.7284045, 1530547692.8379064, 1530547693.164624, 1530547694.422191, 1530547694.5330715, 1530547694.656814, 1530547696.3996792, 1530547696.6702437, 1530547697.9442186, 1530547699.4579577, 1530547700.8797421, 1530547703.5291297, 1530547705.1707091, 1530547706.5561407, 1530547709.4736128, 1530547710.7804203, 1530547713.332225, 1530547714.8952734, 1530547717.9511547, 1530547721.0661747, 1530547722.8968523, 1530547725.4567542, 1530547727.133667, 1530547730.0954854, 1530547732.8467531, 1530547734.302094, 1530547736.9396977, 1530547738.6658843, 1530547741.3892236, 1530547744.192073, 1530547746.816253, 1530547749.6859286, 1530547751.5857491, 1530547754.5955157, 1530547757.3210852, 1530547758.7383115, 1530547761.5389721, 1530547763.0552778, 1530547765.431671, 1530547767.8222477, 1530547769.2502203, 1530547771.5966098, 1530547773.013965, 1530547775.5478115, 1530547778.427083, 1530547780.4042614, 1530547783.009332, 1530547784.4271681, 1530547787.306142, 1530547789.8833494, 1530547791.293043, 1530547794.358318, 1530547796.0511193, 1530547798.545594, 1530547800.875187, 1530547802.5815492, 1530547805.110782, 1530547806.5363045, 1530547809.0156422, 1530547810.3315382, 1530547812.5830345, 1530547814.8664513, 1530547816.260048, 1530547818.8119996, 1530547820.1993961, 1530547822.6081126, 1530547825.0094476, 1530547826.743257, 1530547829.678517, 1530547831.0964015], "episode_lengths": [29, 17, 46, 13, 16, 10, 15, 27, 22, 50, 50, 26, 28, 34, 77, 109, 124, 156, 200, 200, 125, 200, 151, 200, 200, 200, 200, 200, 200, 200, 200, 200, 200, 200, 200, 200, 200, 200, 200, 200, 200, 200, 200, 200, 200, 200, 200, 200, 200, 200, 200, 200, 200, 200, 200, 200, 200, 200, 200, 200, 200, 200, 200, 200, 200, 165, 200, 200, 200, 200, 200, 200, 200, 200, 200, 200, 200]}