{"initial_reset_timestamp": 1530547690.491879, "episode_rewards": [34.0, 26.0, 17.0, 28.0, 18.0, 16.0, 40.0, 23.0, 33.0, 27.0, 19.0, 31.0, 45.0, 18.0, 75.0, 99.0, 36.0, 29.0, 86.0, 13.0, 115.0, 200.0, 200.0, 200.0, 200.0, 200.0, 200.0, 200.0, 183.0, 200.0, 200.0, 200.0, 197.0, 200.0, 200.0, 200.0, 200.0, 200.0, 200.0, 200.0, 200.0, 200.0, 200.0, 200.0, 200.0, 200.0, 200.0, 200.0, 200.0, 179.0, 200.0, 200.0, 200.0, 200.0, 200.0, 200.0, 200.0, 200.0, 200.0, 200.0, 200.0, 200.0, 200.0, 200.0, 200.0, 200.0, 188.0, 200.0, 200.0, 200.0, 200.0, 200.0, 200.0, 200.0, 200.0, 200.0, 200.0, 200.0, 200.0], "episode_types": ["t", "t", "t", "t", "t", "t", "t", "t", "t", "t", "t", "t", "t", "t", "t", "t", "t", "t", "t", "t", "t", "t", "t", "t", "t", "t", "t", "t", "t", "t", "t", "t", "t", "t", "t", "t", "t", "t", "t", "t", "t", "t", "t", "t", "t", "t", "t", "t", "t", "t", "t", "t", "t", "t", "t", "t", "t", "t", "t", "t", "t", "t", "t", "t", "t", "t", "t", "t", "t", "t", "t", "t", "t", "t", "t", "t", "t", "t", "t", "t"], "timestamps": [1530547690.7028549, 1530547690.8800173, 1530547690.9822705, 1530547691.175841, 1530547691.3187578, 1530547692.5050313, 1530547692.7537987, 1530547692.8880332, 1530547693.1090658, 1530547694.2853374, 1530547694.3686168, 1530547694.4885173, 1530547694.6835876, 1530547694.8031092, 1530547696.6299555, 1530547697.895725, 1530547698.0156164, 1530547698.0846436, 1530547699.475848, 1530547699.508883, 1530547700.82875, 1530547703.4683952, 1530547705.1309202, 1530547707.9896336, 1530547710.5365615, 1530547712.0799272, 1530547714.6449566, 1530547716.6746097, 1530547719.5151606, 1530547721.272854, 1530547724.1474767, 1530547726.8013387, 1530547728.6590483, 1530547731.4324994, 1530547733.0635052, 1530547735.6068027, 1530547738.4024901, 1530547740.0808518, 1530547742.6678073, 1530547744.3850245, 1530547748.3066087, 1530547751.3243506, 1530547753.134912, 1530547756.0010242, 1530547757.5133493, 1530547760.2818253, 1530547762.7674935, 1530547764.182367, 1530547766.62145, 1530547767.940843, 1530547770.337621, 1530547771.7207186, 1530547774.2695355, 1530547776.7056913, 1530547778.5750637, 1530547781.8118567, 1530547783.1532657, 1530547785.570043, 1530547788.5113394, 1530547790.0372796, 1530547792.830348, 1530547794.514874, 1530547797.37442, 1530547799.5517762, 1530547801.0321324, 1530547803.8918502, 1530547805.203907, 1530547807.5963194, 1530547809.1442673, 1530547811.438008, 1530547813.6773071, 1530547814.9930446, 1530547817.4036722, 1530547818.9415033, 1530547821.3503764, 1530547823.7717185, 1530547825.1720545, 1530547828.3798354, 1530547829.8285403], "episode_lengths": [34, 26, 17, 28, 18, 16, 40, 23, 33, 27, 19, 31, 45, 18, 75, 99, 36, 29, 86, 13, 115, 200, 200, 200, 200, 200, 200, 200, 183, 200, 200, 200, 197, 200, 200, 200, 200, 200, 200, 200, 200, 200, 200, 200, 200, 200, 200, 200, 200, 179, 200, 200, 200, 200, 200, 200, 200, 200, 200, 200, 200, 200, 200, 200, 200, 200, 188, 200, 200, 200, 200, 200, 200, 200, 200, 200, 200, 200, 200]}