{"episode_rewards": [-21.0, -19.0, -21.0, 9.0, 20.0, 20.0, 20.0, 21.0, 21.0, 20.0, 21.0], "episode_types": ["t", "t", "t", "t", "t", "t", "t", "t", "t", "t", "t", "t"], "episode_lengths": [3056, 4062, 3735, 9842, 7245, 9928, 6851, 6621, 9810, 6831, 9867], "initial_reset_timestamp": 1530604289.0281324, "timestamps": [1530604321.578858, 1530604363.1913278, 1530604404.7880611, 1530604512.1245048, 1530604590.5888138, 1530604696.2773197, 1530604768.2355993, 1530604839.5060096, 1530604947.1156194, 1530605038.92073, 1530605145.2674491]}