{"episode_rewards": [-21.0, -21.0, -20.0, -20.0, 19.0, 19.0, 20.0, 20.0, 18.0, 21.0, 19.0], "episode_types": ["t", "t", "t", "t", "t", "t", "t", "t", "t", "t", "t", "t"], "episode_lengths": [3056, 3132, 4018, 4528, 10293, 10413, 10005, 6833, 10643, 6619, 7287], "initial_reset_timestamp": 1530604289.0818439, "timestamps": [1530604321.318107, 1530604353.0653627, 1530604397.6482377, 1530604446.7640815, 1530604557.082947, 1530604669.9760692, 1530604776.505571, 1530604849.202008, 1530604966.5010655, 1530605054.2915263, 1530605133.521593]}