{"episode_rewards": [-21.0, -20.0, -20.0, -16.0, 18.0, 21.0, 21.0, 20.0, 19.0, 20.0, 21.0], "episode_types": ["t", "t", "t", "t", "t", "t", "t", "t", "t", "t", "t", "t"], "episode_lengths": [3056, 3367, 3683, 5887, 9985, 9695, 6619, 6904, 10184, 10083, 6621], "initial_reset_timestamp": 1530604288.9410698, "timestamps": [1530604321.402573, 1530604355.5671327, 1530604396.736559, 1530604462.0488925, 1530604570.0366213, 1530604672.9105353, 1530604743.496518, 1530604816.7865489, 1530604926.6203272, 1530605053.8668277, 1530605125.7934344]}