{"episode_rewards": [-21.0, -20.0, -18.0, 7.0, 20.0, 19.0, 21.0, 20.0, 19.0, 20.0], "episode_types": ["t", "t", "t", "t", "t", "t", "t", "t", "t", "t", "t"], "episode_lengths": [3056, 3679, 4492, 13700, 6831, 9913, 6621, 10499, 9961, 6851], "initial_reset_timestamp": 1530604288.9410257, "timestamps": [1530604321.402573, 1530604358.8882926, 1530604408.6232307, 1530604556.794639, 1530604631.8417697, 1530604736.4807527, 1530604807.2271225, 1530604921.2231383, 1530605047.1325727, 1530605121.4488268]}