{"episode_rewards": [-21.0, -20.0, -21.0, -18.0, 15.0, 17.0, 21.0, 20.0, 21.0, 21.0], "episode_types": ["t", "t", "t", "t", "t", "t", "t", "t", "t", "t", "t"], "episode_lengths": [3056, 4424, 3267, 4316, 10810, 11375, 9695, 6943, 6621, 9695], "initial_reset_timestamp": 1530604288.9719505, "timestamps": [1530604321.2866206, 1530604366.8388822, 1530604403.6366193, 1530604450.5649774, 1530604568.2863884, 1530604688.7598298, 1530604792.2059245, 1530604866.8185158, 1530604939.3959544, 1530605061.033926]}