{"episode_rewards": [-21.0, -18.0, -21.0, 9.0, 21.0, 21.0, 19.0, 21.0, 21.0, 19.0, 20.0], "episode_types": ["t", "t", "t", "t", "t", "t", "t", "t", "t", "t", "t", "t"], "episode_lengths": [3408, 4545, 3892, 11264, 6619, 6619, 9927, 6859, 6621, 9523, 9606], "initial_reset_timestamp": 1530604289.0275147, "timestamps": [1530604325.1572077, 1530604372.5954635, 1530604414.998137, 1530604536.667889, 1530604609.4788082, 1530604679.6820908, 1530604785.7479465, 1530604859.0109696, 1530604930.5673687, 1530605051.8949425, 1530605156.8709192]}