{"episode_rewards": [-21.0, -20.0, -20.0, 4.0, 21.0, 21.0, 21.0, 20.0, 18.0, 19.0], "episode_types": ["t", "t", "t", "t", "t", "t", "t", "t", "t", "t", "t"], "episode_lengths": [3296, 3677, 3633, 12126, 6621, 6619, 6619, 7020, 10071, 11783], "initial_reset_timestamp": 1530604289.0550418, "timestamps": [1530604323.9202163, 1530604361.6540682, 1530604402.1302903, 1530604533.2216258, 1530604606.0902727, 1530604675.94511, 1530604747.0425236, 1530604821.3014858, 1530604929.773248, 1530605074.8834653]}