{"episode_rewards": [-21.0, -20.0, -21.0, 1.0, 20.0, 21.0, 21.0, 21.0, 21.0, 21.0, 21.0], "episode_types": ["t", "t", "t", "t", "t", "t", "t", "t", "t", "t", "t", "t"], "episode_lengths": [3056, 3547, 3371, 12624, 6685, 9695, 6621, 6621, 9466, 9695, 6621], "initial_reset_timestamp": 1530604289.0004535, "timestamps": [1530604321.521146, 1530604357.8014095, 1530604394.0212648, 1530604530.788917, 1530604605.2800422, 1530604708.056627, 1530604778.4643054, 1530604849.0307658, 1530604953.7704067, 1530605073.9553082, 1530605146.9176025]}