{"episode_rewards": [-21.0, -21.0, -21.0, -19.0, 17.0, 19.0, 21.0, 19.0, 19.0, 21.0, 21.0], "episode_types": ["t", "t", "t", "t", "t", "t", "t", "t", "t", "t", "t", "t"], "episode_lengths": [3056, 3415, 3304, 4832, 11086, 10723, 6619, 7675, 10120, 6619, 9695], "initial_reset_timestamp": 1530604289.000733, "timestamps": [1530604321.5211253, 1530604356.3137336, 1530604392.1203678, 1530604445.7056, 1530604566.5387428, 1530604680.4947343, 1530604752.5348263, 1530604833.2256992, 1530604943.3444314, 1530605032.5494423, 1530605137.0407789]}