{"episode_rewards": [-21.0, -21.0, -18.0, 11.0, 20.0, 19.0, 21.0, 17.0, 18.0, 19.0], "episode_types": ["t", "t", "t", "t", "t", "t", "t", "t", "t", "t", "t"], "episode_lengths": [3056, 3540, 4554, 8742, 9866, 10350, 6619, 10792, 9889, 7163], "initial_reset_timestamp": 1530604288.9716046, "timestamps": [1530604321.2866206, 1530604357.4239123, 1530604407.8660898, 1530604503.4238532, 1530604610.2294033, 1530604719.8605287, 1530604790.7231598, 1530604907.6000962, 1530605032.863121, 1530605108.9940884]}