{"episode_rewards": [-21.0, -20.0, -20.0, 1.0, 20.0, 20.0, 20.0, 19.0, 19.0, 21.0], "episode_types": ["t", "t", "t", "t", "t", "t", "t", "t", "t", "t", "t"], "episode_lengths": [3056, 3850, 3877, 12295, 7241, 10149, 7158, 7113, 10517, 6621], "initial_reset_timestamp": 1530604289.0786798, "timestamps": [1530604321.317333, 1530604360.657401, 1530604403.7741213, 1530604535.9868367, 1530604616.177835, 1530604723.7910357, 1530604798.6093266, 1530604875.464537, 1530604990.520476, 1530605078.253267]}