{"episode_rewards": [-21.0, -20.0, -21.0, 9.0, 21.0, 19.0, 21.0, 20.0, 20.0, 18.0], "episode_types": ["t", "t", "t", "t", "t", "t", "t", "t", "t", "t", "t"], "episode_lengths": [3296, 3776, 3731, 9925, 6621, 10441, 6621, 6833, 10388, 10152], "initial_reset_timestamp": 1530604288.913122, "timestamps": [1530604324.1971424, 1530604362.9155931, 1530604404.6147182, 1530604512.723135, 1530604583.9269328, 1530604695.7568076, 1530604765.7934103, 1530604838.7777278, 1530604953.1273031, 1530605078.0655937]}