{"episode_rewards": [-21.0, -18.0, -21.0, 10.0, 20.0, 20.0, 19.0, 20.0, 20.0, 21.0], "episode_types": ["t", "t", "t", "t", "t", "t", "t", "t", "t", "t", "t"], "episode_lengths": [3056, 4375, 3784, 10229, 10323, 6904, 10115, 7561, 10130, 6621], "initial_reset_timestamp": 1530604289.1118662, "timestamps": [1530604321.4381652, 1530604366.4258943, 1530604408.515381, 1530604519.6211085, 1530604632.1137142, 1530604705.0439317, 1530604813.1190343, 1530604895.5632634, 1530605007.9091737, 1530605092.936419]}