{"episode_rewards": [-21.0, -21.0, -20.0, 3.0, 21.0, 21.0, 21.0, 18.0, 21.0, 21.0], "episode_types": ["t", "t", "t", "t", "t", "t", "t", "t", "t", "t", "t"], "episode_lengths": [3056, 3540, 3512, 13786, 6619, 6619, 9632, 10354, 6621, 9695], "initial_reset_timestamp": 1530604289.1091714, "timestamps": [1530604321.445498, 1530604357.357797, 1530604396.5708592, 1530604544.4908023, 1530604618.5184195, 1530604687.2657988, 1530604790.1619606, 1530604902.376279, 1530604975.560084, 1530605096.1618123]}