{"episode_rewards": [-20.0, -21.0, -21.0, -14.0, 17.0, 20.0, 21.0, 21.0, 20.0, 20.0, 21.0], "episode_types": ["t", "t", "t", "t", "t", "t", "t", "t", "t", "t", "t", "t"], "episode_lengths": [3370, 3544, 3379, 6765, 7958, 10378, 9873, 6621, 9841, 6908, 6619], "initial_reset_timestamp": 1530604289.052104, "timestamps": [1530604324.6819336, 1530604360.9870956, 1530604398.643045, 1530604473.2489843, 1530604557.539567, 1530604669.8196282, 1530604774.8755918, 1530604845.7452838, 1530604954.153119, 1530605045.544736, 1530605116.2797196]}