{"episode_rewards": [-21.0, -21.0, -19.0, 4.0, 19.0, 21.0, 20.0, 18.0, 18.0, 18.0], "episode_types": ["t", "t", "t", "t", "t", "t", "t", "t", "t", "t", "t"], "episode_lengths": [3056, 3131, 4217, 13338, 7323, 9638, 7152, 10445, 7425, 10567], "initial_reset_timestamp": 1530604288.913122, "timestamps": [1530604321.8585498, 1530604353.225016, 1530604400.2063074, 1530604543.1170344, 1530604625.2116609, 1530604726.5481944, 1530604802.9285593, 1530604916.3409534, 1530604996.5123954, 1530605128.5127146]}