{"episode_types": ["t", "t"], "episode_rewards": [1.0], "timestamps": [1530614512.2665994], "initial_reset_timestamp": 1530614505.4452004, "episode_lengths": [681]}