{"episode_types": ["t", "t"], "episode_rewards": [2.0], "timestamps": [1530614514.7001703], "initial_reset_timestamp": 1530614505.4775186, "episode_lengths": [871]}