{"episode_types": ["t", "t"], "episode_rewards": [0.0], "timestamps": [1530614510.7064602], "initial_reset_timestamp": 1530614505.2969055, "episode_lengths": [529]}