{"episode_types": ["t", "t"], "episode_rewards": [1.0], "timestamps": [1530614512.2454736], "initial_reset_timestamp": 1530614505.4110699, "episode_lengths": [675]}