{"episode_types": ["t", "t", "t"], "episode_rewards": [0.0, 0.0], "timestamps": [1530614510.7739606, 1530614516.4922662], "initial_reset_timestamp": 1530614505.4767153, "episode_lengths": [532, 560]}