{"episode_types": ["t", "t", "t"], "episode_rewards": [0.0, 0.0], "timestamps": [1530614510.7422297, 1530614516.4631414], "initial_reset_timestamp": 1530614505.4102702, "episode_lengths": [552, 517]}