{"episode_types": ["t", "t"], "episode_rewards": [0.0], "timestamps": [1530614510.7449117], "initial_reset_timestamp": 1530614505.3819613, "episode_lengths": [548]}