{"episode_types": ["t", "t"], "episode_rewards": [2.0], "timestamps": [1530614514.6105402], "initial_reset_timestamp": 1530614505.3819613, "episode_lengths": [900]}